title,haiku,path
ASSOCIATE PUBLIC HEALTH SANITA,"Within their assigned
areas including but
not be considered","['within', 'their', 'assigned', 'i++', 'areas', 'including', 'but', 'i++', 'not', 'limited', '-limited', 'be', 'considered', 'i++']"
ASSOCIATE PUBLIC HEALTH SANITA,"5 million new york
city department of new
ehs systems","['5', 'million', 'new', 'york', 'i++', 'city', 'department', 'of', 'health', 'i++', 'field', 'personnel', '-personnel', '-field', 'i--', '-health', 'new', 'i++', 'york', 'and', 'has', 'a', '-a', '-has', 'we', '-we', '-and', '-york', 'ehs', 'systems', 'i++']"
PLUMBER,"Supervise and be
responsible for the work
of plumbers helper","['supervise', 'and', 'be', 'i++', 'responsible', 'for', 'the', 'work', 'i++', 'of', 'plumbers', 'helper', 'i++']"
ADMINISTRATIVE PUBLIC INFORMAT,"Prepare agency
officials for interviews
and public affairs","['prepare', 'agency', 'i++', 'officials', 'for', 'interviews', 'i++', 'and', 'public', 'affairs', 'i++']"
ADMINISTRATIVE PUBLIC INFORMAT,"Performing other
related assignments and
special interest groups","['performing', 'other', 'i++', 'related', 'assignments', 'and', 'i++', 'special', 'interest', 'groups', 'i++']"
DIRECTOR OF FIELD OPERATIONS (,"Reviews and the chief
of staff of the ny state
connections system","['reviews', 'and', 'or', 'child', 'i++', 'protective', 'specialists', '-specialists', 'units', '-units', '-protective', 'i--', '-child', '-or', 'the', 'chief', 'i++', 'of', 'staff', 'of', 'the', 'division', 'i++', 'of', 'child', 'welfare', '-welfare', '-child', '-of', 'in', 'ensuring', '-ensuring', '-in', 'i--', '-division', 'ny', 'state', 'i++', 'connections', 'system', 'i++']"
DIRECTOR OF FIELD OPERATIONS (,"The child protective
experience is a plus
for this position","['the', 'child', 'protective', 'i++', 'units', '-units', 'specialist', 'staff', 'they', 'manage', 'i++', 'i--', '-manage', '-they', '-staff', '-specialist', 'audit', 'unit', 'will', '-will', '-unit', '-audit', 'experience', 'is', 'a', 'large', 'i++', 'component', 'of', '-of', '-component', 'i--', '-large', 'plus', 'i++', 'for', 'this', 'position', 'i++']"
ASSISTANT CORPORATION COUNSEL,"The city appears
as plaintiff to advance key
policy interests","['the', 'ability', 'i++', 'to', 'work', 'independently', 'i++', 'or', 'under', '-under', '-or', 'i--', '-independently', 'in', 'the', 'tax', 'and', '-and', '-tax', 'criminal', 'i++', 'law', 'juvenile', '-juvenile', '-law', 'i--', '-criminal', 'southern', 'and', 'i++', 'eastern', 'district', '-district', '-eastern', 'i--', '-and', '-southern', '-the', '-in', '-work', 'develop', 'and', '-and', '-develop', '-to', 'i--', '-ability', 'city', 'in', 'a', 'i++', 'diverse', 'and', '-and', '-diverse', 'i--', '-a', '-in', 'appears', 'i++', 'as', 'plaintiff', 'to', 'advance', 'key', 'i++', 'policy', 'interests', 'i++']"
PROTECTION AGENT (ACS),"Conduct training for
an assigned area such
as the following","['conduct', 'and', '-and', 'training', 'for', 'i++', 'child', 'protective', 'services', 'i++', 'staff', 'in', 'the', '-the', '-in', 'related', '-related', '-staff', 'i--', '-services', '-protective', '-child', 'an', 'assigned', 'area', 'such', 'i++', 'as', 'the', 'following', 'i++']"
ASSISTANT HIGHWAY TRANSPORTATI,"The bike share pricing
schemes modeling costs of bike
share planning outreach","['the', 'western', '-western', 'bike', 'share', 'planning', 'i++', 'outreach', 'and', 'operations', 'i++', 'i--', '-operations', '-and', '-outreach', 'i--', '-planning', 'pricing', 'i++', 'schemes', 'modeling', 'costs', 'of', 'bike', 'i++', 'share', 'planning', 'outreach', 'i++']"
ASSISTANT HIGHWAY TRANSPORTATI,"Planners gis
analysts to assist with
citi bike system","['planners', 'gis', 'i++', 'analysts', 'to', 'perform', '-perform', 'assist', 'with', 'i++', 'citi', 'bike', 'system', 'i++']"
COMMUNITY COORDINATOR,"Maintaining project
plans and other topics as
defined by the law","['maintaining', 'project', 'i++', 'plans', 'and', 'other', 'topics', 'as', 'i++', 'identified', '-identified', 'defined', 'by', 'the', 'law', 'i++']"
COMMUNITY COORDINATOR,"Hpd uses
enforcement tools within the
financial system","['hpd', 'uses', 'i++', 'enforcement', 'tools', 'within', 'the', 'i++', 'bureau', 'of', 'child', '-child', '-of', '-bureau', 'financial', 'system', 'i++']"
ADMINISTRATIVE CLAIM EXAMINER,"The law department
and the law department and
the new york state bar","['the', 'law', 'department', 'i++', 'and', 'the', 'law', 'department', 'and', 'i++', 'various', '-various', 'the', 'new', 'york', 'state', 'bar', 'i++']"
CITY PLANNING TECHNICIAN,"3 million new york
and we collect and treat an
average of 1","['3', 'million', 'new', 'york', 'i++', 'and', 'overseeing', '-overseeing', 'we', 'collect', 'and', 'treat', 'an', 'i++', 'average', 'of', '1', 'i++']"
ADMINISTRATIVE GRAPHIC ARTIST,"The curricula
provided by vendors or
other requirements","['the', 'curricula', 'i++', 'provided', 'by', 'vendors', 'or', 'i++', 'other', 'authors', '-authors', 'requirements', 'i++']"
CERT IT ADMINISTRATOR (DB),"Meet with users to
work independently on
multiple projects","['meet', 'with', 'other', '-other', 'users', 'to', 'i++', 'identify', 'requirements', 'i++', 'i--', '-requirements', '-identify', 'work', 'with', 'the', 'dacco', 'to', '-to', '-dacco', 'broadest', 'scope', 'in', 'i++', 'exercising', '-exercising', 'i--', '-in', '-scope', '-broadest', '-the', '-with', 'independently', 'on', 'i++', 'multiple', 'projects', 'i++']"
CERT IT ADMINISTRATOR (DB),"Experience in
database architecture
including software","['experience', 'on', 'i++', 'ibm', 'db2', '-db2', '-ibm', 'i--', '-on', 'with', 'i++', 'designing', 'and', '-and', '-designing', 'oracle', 'database', '-database', '-oracle', 'i--', '-with', 'in', 'i++', 'database', 'architecture', 'i++', 'and', 'design', 'stored', '-stored', '-design', '-and', 'including', 'software', 'i++']"
COMPUTER ASSOC (TECH SUPP),"Ensure prompt payment
for all goods and services
other than payroll","['ensure', 'prompt', 'payment', 'i++', 'for', 'all', 'goods', 'and', 'services', 'i++', 'other', 'than', 'payroll', 'i++']"
STAFF NURSE,"As a member of
a health care needs of children
to appropriate","['as', 'a', 'member', 'of', 'i++', 'a', 'health', 'care', 'needs', 'of', 'children', 'i++', 'change', '-change', 'to', 'appropriate', 'i++']"
STAFF NURSE,"The health care needs of
acs served foster care
and education","['the', 'health', 'care', 'needs', 'of', 'i++', 'acs', 'served', 'foster', 'care', 'i++', 'and', 'education', 'i++']"
PROCUREMENT ANALYST,"Review and submit
purchase requisitions and
procurement progress","['review', 'and', 'submit', 'i++', 'purchase', 'requisitions', 'and', 'i++', 'procurement', 'progress', 'i++']"
PROCUREMENT ANALYST,"The development
and modification of
contract management","['the', 'following', 'tasks', 'i++', 'i--', '-tasks', 'are', 'i++', 'typical', 'assignments', '-assignments', '-typical', 'i--', '-are', '-following', 'budget', 'office', 'i++', 'is', 'responsible', 'for', 'all', 'i++', 'methods', 'of', '-of', '-methods', 'i--', '-all', 'the', 'i++', 'division', 'of', '-of', '-division', 'i--', '-the', 'all', 'i++', 'payments', 'are', 'made', '-made', '-are', '-payments', 'i--', '-all', 'the', 'i++', 'agency', 'and', '-and', '-agency', 'i--', '-the', '-for', '-responsible', '-is', 'i--', '-office', '-budget', 'development', 'i++', 'of', 'specifications', 'for', 'i++', 'highly', 'complex', '-complex', '-highly', 'i--', '-for', '-specifications', '-of', 'and', 'modification', 'of', 'i++', 'contract', 'management', 'i++']"
COMPUTER PROGRAMMER ANALYST,"9 ability
to maintain existing and
new applications","['9', 'ability', 'i++', 'to', 'meet', 'deadlines', '11', 'i++', 'ability', '-ability', 'i--', '-11', '-deadlines', 'audit', 'objectives', 'i++', 'and', 'in', '-in', '-and', 'i--', '-objectives', '-audit', '-meet', 'work', 'alone', 'with', '-with', '-alone', '-work', 'maintain', 'existing', 'and', 'i++', 'new', 'applications', 'i++']"
BAKER,"Ensuring that all
prepped food and or other shapes
and places in pans","['ensuring', 'that', 'all', 'i++', 'prepped', 'food', 'and', 'or', 'services', 'i++', 'ordering', 'and', '-and', '-ordering', 'i--', '-services', 'other', 'shapes', 'i++', 'and', 'places', 'in', 'pans', 'i++']"
CEMENT MASON,"Prepare mix lay and
finish cement and concrete
to grade and contour","['prepare', 'mix', 'lay', 'and', 'i++', 'finish', 'cement', 'and', 'concrete', 'i++', 'and', 'prepare', 'and', '-and', '-prepare', '-and', 'to', 'grade', 'and', 'contour', 'i++']"
ASSISTANT COMMISSIONER (DBS),"The greatest outcomes
for training participants
and to meet deadlines","['the', 'greatest', 'outcomes', 'i++', 'for', 'training', 'participants', 'i++', 'and', 'to', 'assist', '-assist', 'meet', 'deadlines', 'i++']"
ASSISTANT COMMISSIONER (DBS),"Successful outcomes
for training participants
and to meet deadlines","['successful', 'outcomes', 'i++', 'for', 'training', 'participants', 'i++', 'and', 'to', 'assist', '-assist', 'meet', 'deadlines', 'i++']"
HEATING PLANT TECHNICIAN (HA),"When assigned to a
roving team in the review
of skilled trade tickets","['when', 'assigned', 'to', 'a', 'i++', 'roving', 'team', 'in', 'the', 'review', 'i++', 'of', 'skilled', 'trade', 'tickets', 'i++']"
CONSTRUCTION PROJECT MANAGER,"The performance of
the performance of the work
of construction work","['the', 'performance', 'of', 'i++', 'the', 'performance', 'of', 'the', 'work', 'i++', 'of', 'construction', 'work', 'i++']"
CONSTRUCTION PROJECT MANAGER,"Is able to work
both independently as
well as strong verbal","['is', 'the', '-the', 'able', 'to', 'work', 'i++', 'both', 'independently', 'as', 'i++', 'well', 'as', 'part', 'of', '-of', '-part', 'strong', 'verbal', 'i++']"
SENIOR ESTIMATOR (GENERAL CONS,"A new capital
needs assessment team conduct
state of good repair","['a', 'new', 'capital', 'i++', 'needs', 'assessment', 'team', 'conduct', 'i++', 'state', 'of', 'good', 'repair', 'i++']"
ADMINISTRATIVE ARCHITECT,"Proficiency in
autocad excel word and
microsoft project","['proficiency', 'in', 'i++', 'autocad', 'excel', 'word', 'and', 'i++', 'microsoft', 'project', 'i++']"
WATERSHED MAINTAINER,"Dep protects
public health and safety rules
and regulations","['dep', 'protects', 'i++', 'public', 'health', 'and', 'the', '-the', 'safety', 'laws', 'i++', 'agency', '-agency', 'i--', '-laws', 'rules', 'i++', 'and', 'regulations', 'i++']"
ARCHITECT,"Review documents
for constructability
and bid readiness","['review', 'highly', '-highly', 'documents', 'i++', 'for', 'constructability', 'i++', 'and', 'bid', 'readiness', 'i++']"
ARCHITECT,"Direct and manage
project milestones to ensure
design compliance","['direct', 'and', 'manage', 'i++', 'project', 'milestones', 'to', 'ensure', 'i++', 'timely', '-timely', 'code', 'compliance', '-compliance', '-code', 'design', 'compliance', 'i++']"
ADMINISTRATIVE CITY PLANNER,"Maintains official
application records the
city of new york","['maintains', 'official', 'i++', 'application', 'records', 'the', 'i++', 'city', 'charter', '-charter', 'of', 'new', 'york', 'i++']"
ADMINISTRATIVE CITY PLANNER,"A key member of
the capital planning will
influence include","['a', 'minimum', 'of', 'i++', 'i--', '-of', 'cost', 'i++', 'to', 'taxpayers', '-taxpayers', '-to', 'i--', '-cost', '-minimum', 'key', 'member', 'of', 'i++', 'the', 'capital', 'planning', 'will', 'i++', 'influence', 'include', 'i++']"
DIRECTOR OF CONSUMER INFORMATI,"The commissioner
as needed for press and or
social media","['the', 'commissioner', 'i++', 'as', 'needed', 'for', 'press', 'and', 'or', 'i++', 'social', 'media', 'i++']"
CIVIL ENGINEER,"The operation
and maintenance of public
works plants or structures","['the', 'operation', 'i++', 'and', 'maintenance', 'of', 'public', 'i++', 'works', 'plants', 'or', 'structures', 'i++']"
CIVIL ENGINEER,"The bureau also
approves and inspects water
and sewer projects","['the', 'bureau', 'also', 'i++', 'approves', 'and', 'inspects', 'water', 'i++', 'and', 'sewer', 'projects', 'i++']"
ADMINISTRATIVE JOB OPPORTUNITY,"Ensure compliance
with mandated signage are
properly posted","['ensure', 'compliance', 'i++', 'with', 'applicable', '-applicable', 'mandated', 'signage', 'are', 'i++', 'properly', 'posted', 'i++']"
GARDENER,"1 million people
in upstate new york city
department of parks","['1', '800', '-800', 'million', 'people', 'i++', 'in', 'upstate', 'new', 'york', 'city', 'i++', 'residents', 'and', '-and', '-residents', 'department', 'of', 'parks', 'i++']"
GARDENER,"The steward of more
than 800 athletic
fields and nearly 1","['the', 'selected', '-selected', 'steward', 'of', 'more', 'i++', 'than', '800', 'athletic', 'i++', 'fields', 'and', 'nearly', '1', 'i++']"
SUMMER GRADUATE INTERN,"Interns will be placed
in any division of
the law department","['interns', 'will', 'be', 'placed', 'i++', 'in', 'any', 'division', 'of', 'i++', 'the', 'law', 'department', 'i++']"
SUMMER GRADUATE INTERN,"All other interns
will be placed in any of
the law department","['all', 'other', 'interns', 'i++', 'will', 'be', 'assigned', 'to', 'the', '-the', '-to', '-assigned', 'placed', 'in', 'the', 'tort', 'or', 'i++', 'family', 'court', '-court', '-family', 'i--', '-or', '-tort', '-the', 'any', 'of', 'i++', 'the', 'five', 'new', 'york', '-york', '-new', '-five', 'law', 'department', 'i++']"
REAL PROPERTY MANAGER,"Minimum 3 years
of property management
and maintenance needs","['minimum', '3', 'years', 'i++', 'of', 'property', 'management', 'i++', 'and', 'maintenance', 'needs', 'i++']"
REAL PROPERTY MANAGER,"Generate complaint
and work orders for repair
and maintenance needs","['generate', 'complaint', 'i++', 'and', 'work', 'orders', 'for', 'repair', 'i++', 'and', 'maintenance', 'needs', 'i++']"
SUPERVISOR (WATERSHED MAINTENA,"Work closely with the
operational status
of the division","['work', 'closely', 'with', 'the', 'i++', 'operational', 'status', 'i++', 'of', 'the', 'division', 'i++']"
SUPERVISOR (WATERSHED MAINTENA,"The state of new york
and we collect and treat an
average of 1","['the', 'state', 'of', 'new', 'york', 'i++', 'and', 'we', 'collect', 'and', 'treat', 'an', 'i++', 'average', 'of', '1', 'i++']"
COLLEGE AIDE (ALL CITY DEPTS),"5 million new york
and the impact of the new
york city health code","['5', 'million', 'new', 'york', 'i++', 'and', 'has', 'a', 'wastewater', '-wastewater', 'city', 'college', 'i++', 'aide', 'applicants', '-applicants', '-aide', 'i--', '-college', '-city', 'wastewater', '-wastewater', '-a', '-has', 'the', 'searching', 'of', 'files', 'for', 'i++', 'material', '-material', 'i--', '-for', '-files', '-of', '-searching', '-the', '-and', 'city', 'they', 'are', 'also', '-also', '-are', '-they', '-city', 'and', 'the', 'impact', 'of', 'the', 'world', 'i++', 'trade', 'center', 'health', '-health', '-center', '-trade', 'i--', '-world', 'new', 'i++', 'york', 'city', 'health', 'code', 'i++']"
COLLEGE AIDE (ALL CITY DEPTS),"Knowledge and data
entry through division of
the world trade center","['knowledge', 'and', 'data', 'i++', 'entry', 'through', 'division', 'of', 'i++', 'the', 'world', 'trade', 'center', 'i++']"
RESIDENT BUILDING SUPERINTENDE,"Coordinate the
submission all relevant
documentation","['coordinate', 'the', 'i++', 'submission', 'all', 'relevant', 'i++', 'documentation', 'i++']"
ASSOCIATE CONTRACT SPECIALIST,"Provide technical
expertise to contractors
in the field of youth","['provide', 'technical', 'i++', 'expertise', 'to', 'contractors', 'i++', 'in', 'the', 'city', '-city', 'field', 'of', 'youth', 'i++']"
SUPERVISOR OF STOCK WORKERS,"Through the maintenance
and repair of these systems
field operations","['through', 'the', 'maintenance', 'i++', 'and', 'protection', 'of', 'the', '-the', '-of', '-protection', 'repair', 'of', 'these', 'systems', 'i++', 'include', 'about', '-about', '-include', 'field', 'operations', 'i++']"
INSPECTOR (HOISTS AND RIGGING),"Performs work in the
inspection of the nature
of the condition","['performs', 'work', 'in', 'the', 'i++', 'inspection', 'of', 'the', 'nature', 'i++', 'of', 'the', 'nature', '-nature', 'condition', 'i++']"
COMMUNITY ASSISTANT,"The bureau of child
care facilities during
tabling events","['the', 'cultural', '-cultural', 'bureau', 'of', 'child', 'i++', 'care', 'facilities', 'during', 'i++', 'tabling', 'events', 'i++']"
COMMUNITY ASSISTANT,"The evening or on
weekends across the city
of new york city","['the', 'evening', 'or', 'on', 'i++', 'weekends', 'across', 'the', 'five', '-five', 'city', 'i++', 'and', 'ensure', 'that', '-that', '-ensure', 'state', '-state', '-and', 'of', 'new', 'york', 'city', 'i++']"
AGENCY ATTORNEY,"The agency in
contract environmental
and other matters","['the', 'oath', 'hearings', '-hearings', 'trials', '-trials', '-oath', 'agency', 'in', 'i++', 'the', 'nation', '-nation', '-the', 'contract', 'environmental', 'i++', 'and', 'other', 'matters', 'i++']"
AGENCY ATTORNEY,"Render sound advice
to the following people
and communities","['render', 'sound', 'advice', 'i++', 'to', 'agency', 'matters', 'and', 'i++', 'submit', 'surplus', '-surplus', '-submit', 'i--', '-and', '-matters', '-agency', 'the', 'general', 'counsel', 'i++', 'deputy', '-deputy', 'i--', '-counsel', '-general', 'following', 'people', 'i++', 'and', 'communities', 'i++']"
COMPUTER ASSOC (OPERATIONS),"Provide a wide range
of technical support for
city hall reports","['provide', 'a', 'wide', 'range', 'i++', 'of', 'technical', 'support', 'to', 'i++', 'development', '-development', 'the', 'project', 'team', '-team', '-project', 'service', 'desk', '-desk', '-service', 'hpd', '-hpd', '-the', 'i--', '-to', 'for', 'i++', 'city', 'hall', 'reports', 'i++']"
COMPUTER ASSOC (OPERATIONS),"Experience with
performance test script set up
and execution","['experience', 'with', 'i++', 'performance', 'test', 'script', 'set', 'up', 'i++', 'and', 'execution', 'i++']"
TELECOMMUNICATIONS ASSOCIATE (,"As necessary
to resolve any and all
network components","['as', 'necessary', 'i++', 'for', 'proper', 'reporting', '-reporting', '-proper', '-for', 'to', 'resolve', 'any', 'and', 'all', 'i++', 'network', 'components', 'i++']"
TELECOMMUNICATIONS ASSOCIATE (,"The server support
engineer in the i-t
service division","['the', 'city', '-city', 'art', 'wireless', '-wireless', '-art', 'server', 'support', 'i++', 'engineer', 'will', 'be', '-be', '-will', 'in', 'the', 'i-t', 'i++', 'service', 'division', 'i++']"
ASSOC SUPVR OF SCHL SEC (MGRL),"And the in-service
training unit in the school
safety division","['and', 'directing', 'the', 'i++', 'activities', 'of', 'the', '-the', '-of', '-activities', 'i--', '-the', '-directing', 'other', 'local', 'i++', 'resources', '-resources', 'i--', '-local', '-other', 'the', 'in-service', 'i++', 'training', 'unit', 'in', 'the', 'school', 'i++', 'safety', 'division', 'i++']"
COMPUTER SERVICE TECHNICIAN (C,"This license must be
maintained for the duration
of your employment","['this', 'license', 'must', 'be', 'i++', 'proficient', 'with', 'the', '-the', '-with', '-proficient', 'maintained', 'for', 'the', 'duration', 'i++', 'of', 'your', 'employment', 'i++']"
ELECTRICIAN (AUTOMOBILE),"Maintains records and
inventories of supplies
and materials","['maintains', 'repairs', '-repairs', 'records', 'and', 'i++', 'inventories', 'of', 'supplies', 'i++', 'and', 'materials', 'i++']"
ADMINISTRATIVE STAFF ANALYST (,"You are already
permanent in the planning
and design contracts","['you', 'are', 'already', 'i++', 'permanent', 'in', 'the', 'planning', 'i++', 'and', 'design', 'of', '-of', 'contracts', 'i++']"
ADMINISTRATIVE STAFF ANALYST (,"Supervise train and
evaluate the success
of training program","['supervise', 'train', 'and', 'i++', 'evaluate', 'the', 'success', 'i++', 'of', 'training', 'program', 'i++']"
PROJECT MANAGER,"The division of
public buildings is seeking
project managers","['the', 'division', 'of', 'i++', 'public', 'buildings', 'is', 'seeking', 'i++', 'project', 'managers', 'i++']"
PROJECT MANAGER,"Additionally
gis and autocad
skills are required","['additionally', 'i++', 'knowledge', 'and', 'or', 'prepare', '-prepare', 'green', '-green', '-or', '-and', '-knowledge', 'gis', 'and', 'autocad', 'i++', 'skills', 'are', 'preferred', '-preferred', '-are', '-skills', 'i--', '-autocad', '-and', '-gis', 'knowledge', 'and', 'or', 'prepare', '-prepare', '-or', '-and', '-knowledge', 'gis', 'and', 'autocad', 'i++', 'skills', 'are', 'required', 'i++']"
ADMINISTRATIVE MANAGEMENT AUDI,"The data stored in
the management of audits
and other concerns","['the', 'data', 'stored', 'in', 'i++', 'the', 'management', 'of', 'the', '-the', 'audits', 'i++', 'and', 'reviews', 'of', '-of', '-reviews', 'other', 'concerns', 'i++']"
ADMINISTRATIVE MANAGEMENT AUDI,"The preparation
of the operations of
city agencies","['the', 'preparation', 'i++', 'of', 'the', 'operations', 'of', 'i++', 'city', 'agencies', 'i++']"
IT PROJECT SPECIALIST,"Strong knowledge of the
following tools and use them
where appropriate","['strong', 'knowledge', 'of', 'the', 'i++', 'automated', 'test', 'scripts', '-scripts', '-test', '-automated', 'following', 'tools', 'and', 'use', 'them', 'i++', 'where', 'appropriate', 'i++']"
IT PROJECT SPECIALIST,"The design of the
business requirements and test
automation scripts","['the', 'design', 'and', '-and', 'of', 'the', 'i++', 'application', 'meets', 'end', '-end', '-meets', 'matches', 'those', 'i++', 'requirements', 'and', '-and', '-requirements', 'i--', '-those', '-matches', '-application', 'business', 'requirements', 'and', 'test', 'i++', 'automation', 'scripts', 'i++']"
CRIMINALIST,"Reviews of reports
and case files and technical
reviews for casework","['reviews', 'of', 'reports', 'i++', 'and', 'case', 'files', 'and', 'technical', 'i++', 'reviews', 'for', 'casework', 'i++']"
ASSISTANT ELECTRICAL ENGINEER,"The distribution
section is responsible
for the agency","['the', 'assistant', '-assistant', 'most', 'complex', '-complex', '-most', 'distribution', 'i++', 'section', 'is', 'responsible', 'i++', 'for', 'the', 'agency', 'i++']"
ASSISTANT ELECTRICAL ENGINEER,"The design of new
and refurbished riser shafts
along the system","['the', 'respective', '-respective', 'design', 'of', 'new', 'i++', 'and', 'rebuilt', 'shafts', 'along', 'the', 'i++', 'system', 'of', 'the', '-the', '-of', '-system', 'i--', '-the', '-along', '-shafts', '-rebuilt', 'refurbished', 'riser', 'shafts', 'i++', 'along', 'the', 'system', 'i++']"
HOUSING DEVELOPMENT SPECIALIST,"Capacity to
simultaneously work
on special projects","['capacity', 'to', 'i++', 'simultaneously', 'work', 'i++', 'on', 'multiple', '-multiple', 'special', 'projects', 'i++']"
HOUSING DEVELOPMENT SPECIALIST,"Performing detailed
financial analyses
and underwriting","['performing', 'detailed', 'i++', 'financial', 'analyses', 'i++', 'and', 'research', 'skills', '-skills', 'as', '-as', '-research', 'underwriting', 'i++']"
FAMILY PUB HEALTH NURSE (HMH),"A new york city
department of health and life
course development","['a', 'new', 'york', 'city', 'i++', 'department', 'of', 'health', 'and', 'life', 'i++', 'course', 'development', 'i++']"
SUPERVISOR I SOCIAL WORK,"Assessment as well
as with community based
organizations","['assessment', 'and', '-and', 'as', 'well', 'i++', 'as', 'with', 'community', 'based', 'i++', 'organizations', 'i++']"
ELECTRICAL ENGINEERING INTERN,"In upstate new york
and we collect and treat an
average of 1","['in', 'upstate', 'new', 'york', 'i++', 'city', 'department', 'of', '-of', '-department', '-city', 'and', 'we', 'collect', 'and', 'treat', 'an', 'i++', 'average', 'of', '1', 'i++']"
*CERTIFIED APPLICATIONSDEVELOP,"5 million new york
and we collect and treat an
average of 1","['5', 'or', 'higher', 'and', 'i++', 'i--', '-and', '-higher', '-or', 'years', 'of', '-of', '-years', 'or', 'higher', 'and', 'i++', 'i--', '-and', '-higher', '-or', 'million', 'new', 'york', 'i++', 'and', 'we', 'collect', 'and', 'treat', 'an', 'i++', 'average', 'of', '1', 'i++']"
ASSOCIATE INSPECTOR (CONSUMERS,"Ability to
create and manipulate
excel documents","['ability', 'to', 'i++', 'create', 'thriving', '-thriving', 'a', 'culture', 'of', '-of', '-culture', '-a', '-create', 'work', 'flexible', 'hours', '-hours', '-flexible', '-work', 'create', 'and', 'manipulate', 'i++', 'excel', 'documents', 'i++']"
QUALITY ASSURANCE SPECIALIST,"The responsiveness
of each precinct enhancement
program pep command","['the', 'intent', 'of', 'these', 'i++', 'determinations', 'is', 'to', 'i++', 'ascertain', 'and', '-and', '-ascertain', 'i--', '-to', '-is', '-determinations', 'i--', '-these', '-of', '-intent', 'responsiveness', 'i++', 'of', 'each', 'precinct', 'enhancement', 'i++', 'program', 'pep', 'command', 'i++']"
ASSOCIATE PUBLIC INFORMATION,"Press conferences
and interviews write background
documents and more","['press', 'conferences', 'i++', 'and', 'interviews', 'write', 'background', 'i++', 'documents', 'and', 'more', 'i++']"
ASSOCIATE PUBLIC INFORMATION,"Performing other
related assignments as
may be required","['performing', 'other', 'i++', 'related', 'assignments', 'as', 'i++', 'may', 'be', 'required', 'i++']"
CIVIL ENGINEERING INTERN,"Knowledge of sewer
design and construction of
green roofs required","['knowledge', 'of', 'basic', 'i++', 'hydrology', 'and', '-and', '-hydrology', 'i--', '-basic', 'sewer', 'i++', 'design', 'and', 'construction', 'of', 'i++', 'green', 'roofs', 'required', 'i++']"
CIVIL ENGINEERING INTERN,"Working on projects
in se queens as well as
working on projects","['working', 'on', 'projects', 'i++', 'in', 'se', 'queens', 'as', 'well', 'as', 'i++', 'working', 'on', 'green', '-green', 'projects', 'i++']"
SUPERVISOR II SOCIAL WORK,"Bureau of mental
health crisis calls with a law
enforcement partner","['bureau', 'of', 'mental', 'i++', 'health', 'crisis', 'calls', 'with', 'a', 'law', 'i++', 'enforcement', 'partner', 'i++']"
SUPERVISOR II SOCIAL WORK,"The intersection
of individuals with
mental health programs","['the', 'intersection', 'i++', 'of', 'individuals', 'with', 'i++', 'behavioral', '-behavioral', 'mental', 'health', 'programs', 'i++']"
INSPECTOR GENERAL,"The executive
staff for investigation
and resolution","['the', 'direction', 'of', 'i++', 'the', 'department', 'to', 'ensure', 'i++', 'the', 'program', 'is', '-is', '-program', '-the', 'that', 'the', '-the', '-that', 'i--', '-ensure', '-to', '-department', 'oldest', 'law', 'enforcement', 'i++', 'experience', '-experience', 'i--', '-enforcement', '-law', '-oldest', '-the', 'i--', '-of', '-direction', 'executive', 'i++', 'staff', 'for', 'investigation', 'i++', 'and', 'resolution', 'i++']"
INSPECTOR GENERAL,"The new york state and
city employees vendors
with city contracts","['the', 'department', 'to', 'i++', 'ensure', 'that', 'the', 'division', 'i++', 'management', 'and', '-and', '-management', 'i--', '-division', '-the', '-that', '-ensure', 'i--', '-to', '-department', 'new', 'york', 'city', 'i++', 'government', 'city', '-city', '-government', 'i--', '-city', 'state', 'and', 'i++', 'city', 'employees', 'vendors', 'i++', 'with', 'city', 'contracts', 'i++']"
ADMINISTRATIVE INVESTIGATOR,"Manage the social
media team and the call
monitoring team","['manage', 'projects', 'to', 'i++', 'completion', '-completion', 'i--', '-to', '-projects', 'the', 'social', 'i++', 'media', 'team', 'and', 'the', 'call', 'i++', 'monitoring', 'team', 'i++']"
SOCIAL WORKER,"Direct counseling
and referrals to social
other services","['direct', 'counseling', 'i++', 'services', 'to', 'clients', 'in', 'i++', 'select', '-select', 'i--', '-in', '-clients', 'women', 'in', 'i++', 'homeless', 'shelters', '-shelters', '-homeless', 'i--', '-in', '-women', '-to', 'for', 'abusive', 'i++', 'partner', '-partner', 'i--', '-abusive', '-for', 'to', 'clients', 'in', 'i++', 'select', '-select', 'i--', '-in', '-clients', '-to', 'for', 'abusive', 'i++', 'partner', '-partner', 'i--', '-abusive', '-for', '-services', 'and', 'referrals', 'to', 'social', 'i++', 'other', 'services', 'i++']"
SOCIAL WORKER,"Maintain rapport with
internal and external
partners in order","['maintain', 'rapport', 'with', 'i++', 'internal', 'and', 'external', 'i++', 'partners', 'to', '-to', 'in', 'order', 'i++']"
INSPECTOR (ELEVATORS),"Candidates must pass
a drug screening in order
to be appointed","['candidates', 'must', 'pass', 'i++', 'a', 'drug', 'screening', 'in', 'order', 'i++', 'to', 'be', 'appointed', 'i++']"
RECREATION SUPERVISOR,"Manage the proper
maintenance of related
safety equipment","['manage', 'the', 'proper', 'i++', 'maintenance', 'of', 'a', '-a', 'related', 'i++', 'safety', 'equipment', 'i++']"
URBAN PARK RANGER,"Ensure the safety
and enjoyment of park rules
and regulations","['ensure', 'the', 'safety', 'i++', 'and', 'enjoyment', 'of', 'park', 'rules', 'i++', 'and', 'regulations', 'i++']"
NUTRITION CONSULTANT,"Familiarity
with the department of health
and mental hygiene","['familiarity', 'i++', 'with', 'the', 'food', 'safety', 'and', '-and', '-safety', '-food', 'department', 'of', 'health', 'i++', 'and', 'mental', 'hygiene', 'i++']"
NUTRITION CONSULTANT,"Assess assigned meal
programs and the department
for the elderly","['assess', 'assigned', 'meal', 'i++', 'programs', 'for', 'the', 'elderly', 'i++', 'i--', '-elderly', 'aging', '-aging', '-the', 'contract', '-contract', '-for', 'and', 'the', 'department', 'i++', 'of', 'health', 'and', '-and', '-health', '-of', 'for', 'the', 'elderly', 'i++']"
PUBLIC HEALTH NURSE,"Serving as office
of school health staff within an
assigned area","['serving', 'as', 'a', '-a', 'office', 'i++', 'of', 'school', 'health', 'staff', 'and', 'will', 'be', 'i++', 'responsible', '-responsible', 'i--', '-be', '-will', '-and', 'within', 'an', 'i++', 'assigned', 'area', 'i++']"
PUBLIC HEALTH NURSE,"Osh promotes the health
of the department of health
and mental hygiene","['osh', 'promotes', 'the', 'health', 'i++', 'and', 'mental', 'hygiene', '-hygiene', '-mental', '-and', 'of', 'the', 'department', 'of', 'health', 'i++', 'and', 'mental', 'hygiene', 'i++']"
ASST PB HLTH ADV (COMM DIS CON,"The sexual health
care providers and others
including public","['the', 'sexual', 'health', 'i++', 'care', 'providers', 'and', 'others', 'i++', 'including', 'public', 'i++']"
CLERICAL ASSOCIATE,"Scanning into the
law department personnel
city agencies","['scanning', 'sorting', 'of', 'i++', 'records', 'files', 'invoices', 'and', 'i++', 'purchase', 'orders', '-orders', '-purchase', 'i--', '-and', '-invoices', '-files', '-records', 'i--', '-of', '-sorting', 'into', 'the', 'i++', 'law', 'department', 'to', 'resolve', 'i++', 'facility', '-facility', 'i--', '-resolve', '-to', 'personnel', 'i++', 'city', 'agencies', 'i++']"
CLERICAL ASSOCIATE,"The country with a
mission of the public in
cash and other tools","['the', 'country', 'with', 'a', 'i++', 'mission', 'of', 'combating', '-combating', 'the', 'work', 'of', '-of', '-work', 'public', 'in', 'i++', 'cash', 'and', 'other', 'tools', 'i++']"
CERT IT DEVELOPER (APP),"Assisting in the
development team and aid
in their career growth","['assisting', 'in', 'the', 'i++', 'entire', 'product', 'cycle', 'i++', 'i--', '-cycle', '-product', '-entire', 'maintenance', 'and', 'updating', 'i++', 'of', 'in-house', '-in-house', '-of', 'i--', '-updating', '-and', '-maintenance', 'development', 'of', 'new', 'york', 'i++', 'fdny', '-fdny', 'i--', '-york', '-new', 'land', 'use', 'i++', 'and', '-and', 'i--', '-use', '-land', '-of', 'team', 'and', 'aid', 'i++', 'in', 'their', 'career', 'growth', 'i++']"
CERT IT DEVELOPER (APP),"The full listing of
job opportunities and
to help with process","['the', 'full', 'spectrum', 'of', 'i++', 'governmental', '-governmental', 'i--', '-of', '-spectrum', 'listing', 'of', 'i++', 'job', 'opportunities', 'and', 'i++', 'to', 'help', 'with', 'process', 'i++']"
CITY RESEARCH SCIENTIST,"Duties will include
policy analysis
and four analysts","['duties', 'will', 'include', 'i++', 'a', 'director', 'of', 'science', 'i++', 'deputy', '-deputy', 'i--', '-science', '-of', 'reporting', 'i++', 'to', 'support', 'new', '-new', '-support', 'the', 'bureau', '-bureau', '-the', '-to', 'i--', '-reporting', '-director', '-a', 'but', 'not', 'be', 'limited', 'to', 'i++', 'the', 'project', 'lead', '-lead', '-project', '-the', 'i--', '-to', '-limited', '-be', '-not', '-but', 'policy', 'analysis', 'i++', 'and', 'four', 'analysts', 'i++']"
CITY RESEARCH SCIENTIST,"Hiring rate flat rate
the nyc board of health
care access and word","['hiring', 'rate', 'flat', 'rate', 'i++', 'the', 'nyc', 'condom', '-condom', 'board', 'of', 'health', 'i++', 'care', 'access', 'and', 'word', 'i++']"
AGENCY CHIEF CONTRACTING OFFIC,"The city charter
and procurement policy
board ppb rules","['the', 'city', 'charter', 'i++', 'and', 'procurement', 'policy', 'i++', 'board', 'rules', '-rules', 'ppb', 'rules', 'i++']"
ASSOCIATE STAFF ANALYST,"The management and
or general manager
of operations","['the', 'management', 'and', 'i++', 'or', 'general', 'manager', 'i++', 'of', 'operations', 'i++']"
ASSOCIATE STAFF ANALYST,"The director in
the operations of the
capital budget","['the', 'director', 'in', 'i++', 'the', 'region', '-region', 'unit', 'staff', 'in', 'the', 'use', 'i++', 'of', 'microsoft', '-microsoft', '-of', 'i--', '-use', '-the', '-in', '-staff', '-unit', 'operations', 'of', 'the', 'i++', 'capital', 'budget', 'i++']"
DEPUTY COMMISSIONER (DEP),"The position of
deputy commissioner
of bedc","['the', 'position', 'of', 'i++', 'deputy', 'commissioner', 'i++', 'of', 'bedc', 'i++']"
DEPUTY COMMISSIONER (DEP),"Broad understanding
of the bureau of water
and sewer system","['broad', 'understanding', 'i++', 'of', 'the', 'design', 'process', 'and', 'i++', 'requirements', 'for', '-for', '-requirements', 'i--', '-and', '-process', '-design', 'bureau', 'of', 'water', 'i++', 'mains', 'and', 'sewer', '-sewer', '-and', '-mains', 'to', 'nine', 'million', '-million', '-nine', '-to', 'and', 'sewer', 'system', 'i++']"
MECHANICAL ENGINEER,"The different real
estate design review and
implementation","['the', 'different', 'real', 'i++', 'estate', 'design', 'review', 'and', 'i++', 'or', 'review', 'of', '-of', '-review', '-or', 'implementation', 'i++']"
MECHANICAL ENGINEER,"Under a new cost
savings initiative to
maximize their use","['under', 'a', 'new', 'cost', 'i++', 'savings', 'initiative', 'to', 'i++', 'maximize', 'their', 'use', 'i++']"
ASSOCIATE JOB OPPORTUNITY SPEC,"Communicate with
mis on automated child
care information","['communicate', 'with', 'i++', 'mis', 'on', 'automated', 'child', 'i++', 'care', 'information', 'i++']"
ASSOCIATE JOB OPPORTUNITY SPEC,"The director and
others in order to meet
program objectives","['the', 'director', 'in', 'i++', 'coordinating', 'all', 'the', 'i++', 'activities', '-activities', 'i--', '-the', '-all', '-coordinating', 'i--', '-in', 'and', 'i++', 'others', 'in', 'order', 'to', 'meet', 'i++', 'program', 'objectives', 'i++']"
ASSISTANT LANDSCAPE ARCHITECT,"The engineers and
other agency meetings
as appropriate","['the', 'selected', '-selected', 'need', 'arises', 'i++', 'i--', '-arises', '-need', 'engineers', 'and', 'i++', 'other', 'agency', 'meetings', 'i++', 'as', 'appropriate', 'i++']"
MULTIPLE DWELLING SPECIALIST (,"The new york city
building and construction codes
and regulations","['the', 'healthy', 'homes', 'scope', 'i++', 'of', 'work', '-work', '-of', 'i--', '-scope', '-homes', '-healthy', 'new', 'york', 'city', 'i++', 'building', 'and', 'construction', 'codes', 'i++', 'and', 'regulations', 'i++']"
MULTIPLE DWELLING SPECIALIST (,"The division of
building and construction codes
and regulations","['the', 'preservation', 'i++', 'and', 'new', 'construction', 'of', '-of', '-construction', '-new', '-and', 'i--', '-preservation', 'division', 'of', 'i++', 'building', 'and', 'construction', 'codes', 'i++', 'as', 'well', 'as', '-as', '-well', '-as', 'and', 'regulations', 'i++']"
ASSOCIATE INSPECTOR (HIGHWAYS,"May be required
to appear as a witness
in court when ordered","['may', 'be', 'required', 'i++', 'to', 'appear', 'as', 'a', 'witness', 'i++', 'in', 'court', 'when', 'ordered', 'i++']"
INDUSTRIAL HYGIENIST,"Issue notice of
violations prepare case
files and evidence","['issue', 'notice', 'of', 'i++', 'violations', 'prepare', 'case', 'i++', 'files', 'and', 'evidence', 'i++']"
INDUSTRIAL HYGIENIST,"Extensive knowledge
of adult education
and training techniques","['extensive', 'knowledge', 'i++', 'of', 'osha', 'laws', '&', '-&', '-laws', '-osha', 'adult', 'education', 'i++', 'and', 'training', 'techniques', 'i++']"
ELECTRICAL ENGINEER,"Ability to
produce comprehensive and
efficient projects","['ability', 'to', 'i++', 'produce', 'comprehensive', 'and', 'i++', 'efficient', 'projects', 'i++']"
PUBLIC RECORDS AIDE,"The packaging of
bid packages into the
requisite volumes","['the', 'position', '-position', 'packaging', 'of', 'i++', 'bid', 'packages', 'into', 'the', 'i++', 'requisite', 'volumes', 'i++']"
ADMINISTRATIVE ENGINEER,"This position with
extremely wide latitude
for the management","['this', 'position', 'with', 'i++', 'extremely', 'wide', 'latitude', 'i++', 'for', 'the', 'management', 'i++']"
ADMINISTRATIVE ENGINEER,"Profound knowledge of
city state and local rules
and regulations","['profound', 'knowledge', 'of', 'i++', 'city', 'state', 'agencies', 'as', 'i++', 'it', 'relates', 'to', '-to', '-relates', '-it', 'i--', '-as', '-agencies', 'and', 'local', 'rules', 'i++', 'and', 'regulations', 'i++']"
PARALEGAL AIDE,"Assists attorneys
in the intake office with
intake related","['assists', 'attorneys', 'i++', 'in', 'the', 'intake', 'office', 'with', 'i++', 'intake', 'related', 'i++']"
PARALEGAL AIDE,"A program approved
by the american bar
association","['a', 'program', 'approved', 'i++', 'by', 'a', 'combination', 'of', 'i++', '12', 'semester', '-semester', '-12', 'i--', '-of', '-combination', '-a', 'the', 'american', 'bar', 'i++', 'association', 'i++']"
ASSISTANT MECHANICAL ENGINEER,"1 million people
in upstate new york city
and its watershed","['1', 'million', 'people', 'i++', 'in', 'upstate', 'new', 'york', 'city', 'i++', 'and', 'some', 'upstate', '-upstate', '-some', '-and', 'department', 'of', '-of', '-department', 'and', 'some', 'upstate', '-upstate', '-some', '-and', 'department', 'of', '-of', '-department', 'i--', '-city', 'and', 'has', 'i++', 'a', 'wastewater', '-wastewater', '-a', 'i--', '-has', '-and', 'city', 'i++', 'and', 'its', 'watershed', 'i++']"
GRAPHIC ARTIST,"The preparation
of posters informative
displays exhibits","['the', 'preparation', 'i++', 'of', 'posters', 'informative', 'i++', 'displays', 'and', '-and', 'exhibits', 'i++']"
INVESTMENT ANALYST,"Coordinating
investment conferences
and other topics","['coordinating', 'i++', 'investment', 'conferences', 'i++', 'and', 'other', 'topics', 'i++']"
INVESTMENT ANALYST,"Proficiency in
microsoft office suite word
excel powerpoint","['proficiency', 'in', 'i++', 'microsoft', 'office', 'suite', 'word', 'i++', 'excel', 'powerpoint', 'i++']"
IT SECURITY SPECIALIST,"The team maintains the
groups to which new users are
added or removed","['the', 'following', '-following', 'team', 'maintains', 'the', 'i++', 'groups', 'to', 'which', 'new', 'users', 'are', 'i++', 'added', 'or', 'removed', 'i++']"
IT SECURITY SPECIALIST,"Who wants to become
part of an information
security staff","['who', 'wants', 'to', 'become', 'i++', 'part', 'of', 'an', 'information', 'i++', 'security', 'staff', 'i++']"
IT AUTOMATION AND MONITORING E,"3+ years of strong
experience with perl and
unix shell scripting","['3+', 'years', 'of', 'strong', 'i++', 'experience', 'with', 'perl', 'and', 'i++', 'unix', 'shell', 'scripting', 'i++']"
IT AUTOMATION AND MONITORING E,"5+ years of strong
experience with perl and
unix shell scripting","['5+', 'years', 'of', 'strong', 'i++', 'experience', 'with', 'the', '-the', 'perl', 'and', 'i++', 'unix', 'shell', 'scripting', 'i++']"
ADMINISTRATIVE HOUSING DEVELOP,"The new york city
housing authority with
more than 1 billion","['the', 'new', 'york', 'city', 'i++', 'housing', 'authority', 'with', 'i++', 'more', 'than', '1', 'billion', 'i++']"
ADMINISTRATIVE HOUSING DEVELOP,"A plan to improve
the quality of life for
nycha residents","['a', 'plan', 'to', 'improve', 'i++', 'the', 'quality', 'of', 'life', 'for', 'i++', 'nycha', 'residents', 'i++']"
PUBLIC HEALTH ADVISER,"Setting and for the
nyc department of
health in the title","['setting', 'and', 'for', 'the', 'i++', 'nyc', 'department', 'of', 'i++', 'health', 'and', 'wellness', '-wellness', 'mental', '-mental', '-and', 'in', 'the', 'title', 'i++']"
PUBLIC HEALTH ADVISER,"Must be able to
work alternative hours
evening and weekends","['must', 'have', 'a', 'valid', 'i++', 'nys', 'driver', '-driver', '-nys', 'i--', '-valid', '-a', '-have', 'clearly', 'state', 'your', 'i++', 'civil', 'service', 'status', 'on', 'i++', 'your', 'resume', 'or', '-or', '-resume', '-your', 'i--', '-on', '-status', '-service', '-civil', 'i--', '-your', '-state', '-clearly', 'be', 'able', 'to', 'i++', 'work', 'alternative', 'hours', 'i++', 'evening', 'and', 'weekends', 'i++']"
SUPERVISOR OF MECHANICS(MECHAN,"Fleet maintenance and
repair of a large fleet of
motor vehicles","['fleet', 'maintenance', 'and', 'i++', 'repair', 'of', 'a', 'team', 'and', '-and', '-team', '-a', '-of', '-repair', 'operations', 'is', 'seeking', 'i++', 'to', 'hire', 'a', '-a', '-hire', '-to', 'i--', '-seeking', '-is', '-operations', 'repair', 'of', 'a', 'large', 'fleet', 'of', 'i++', 'motor', 'vehicles', 'i++']"
COMPUTER ASSOC (SOFTWARE),"The service desk and
network staff to troubleshoot
issues remotely","['the', 'candidate', '-candidate', 'service', 'desk', 'and', 'i++', 'network', 'staff', 'to', 'develop', 'i++', 'new', 'and', 'enhanced', '-enhanced', '-and', '-new', 'i--', '-develop', 'troubleshoot', 'i++', 'issues', 'remotely', 'i++']"
COMPUTER ASSOC (SOFTWARE),"Communicate with
different levels of the
organization","['communicate', 'with', 'i++', 'different', 'technical', 'groups', 'i++', 'to', 'resolve', 'an', '-an', '-resolve', '-to', 'i--', '-groups', '-technical', 'levels', 'of', 'the', 'i++', 'organization', 'i++']"
HEALTH SERVICES MANAGER,"Building on work the
district public health public
safety agenda","['building', 'on', 'work', 'the', 'i++', 'district', 'public', 'health', 'public', 'i++', 'safety', 'agenda', 'i++']"
ASSISTANT COMMISSIONER (DCAS),"The inventory
of city-owned and leased space
for agency use","['the', 'inventory', 'i++', 'of', 'city-owned', 'and', 'leased', 'space', 'i++', 'for', 'agency', 'use', 'i++']"
ASSISTANT COMMISSIONER (DCAS),"Communicating
with lines of service of the
city of new york","['communicating', 'i++', 'with', 'lines', 'of', 'service', 'of', 'the', 'i++', 'city', 'of', 'new', 'york', 'i++']"
ASSISTANT COMMISSIONER (BUILDI,"Develop design
and implement long range plans
goals and objectives","['develop', 'design', 'i++', 'and', 'implement', 'long', 'range', 'plans', 'i++', 'goals', 'and', 'objectives', 'i++']"
RESEARCH ASSISTANT,"The legal affairs
unit and six analysts
in the foil unit","['the', 'successful', '-successful', 'legal', 'affairs', 'i++', 'unit', 'and', 'six', 'analysts', 'i++', 'in', 'the', 'foil', 'unit', 'i++']"
RESEARCH ASSISTANT,"Conduct searches of
several databases and
web applications","['conduct', 'records', '-records', 'searches', 'of', 'i++', 'the', 'general', 'counsel', 'which', 'i++', 'consists', 'of', 'eight', '-eight', '-of', '-consists', 'i--', '-which', '-counsel', '-general', '-the', 'several', 'databases', 'and', 'i++', 'web', 'applications', 'i++']"
ASSISTANT URBAN DESIGNER,"Review procedure
ulurp and or solutions
to the agency","['review', 'with', '-with', 'design', 'plans', 'i++', 'sketches', 'maps', 'and', 'conduct', 'site', 'i++', 'plan', 'review', '-review', '-plan', 'i--', '-site', '-conduct', 'other', '-other', '-and', '-maps', '-sketches', 'i--', '-plans', '-design', 'procedure', 'i++', 'ulurp', 'and', 'or', 'solutions', 'i++', 'to', 'the', 'agency', 'i++']"
ASSISTANT URBAN DESIGNER,"Under minimal
supervision and manage
multiple projects","['under', 'direct', '-direct', 'minimal', 'i++', 'supervision', 'and', 'manage', 'i++', 'multiple', 'projects', 'i++']"
ASST COMMISSIONER (ENV HS)-HMH,"The bureau of child
care by enforcing city
and new york city","['the', 'bureau', 'of', 'child', 'i++', 'care', 'centers', 'home-based', 'child', '-child', '-home-based', '-centers', 'by', 'enforcing', 'city', 'i++', 'and', 'new', 'york', 'city', 'i++']"
CITY MEDICAL DIRECTOR,"The community
practitioners and foster
care children and youth","['the', 'community', 'i++', 'practitioners', 'and', 'foster', 'i++', 'care', 'children', 'and', 'youth', 'i++']"
CITY MEDICAL DIRECTOR,"Review committee
that determines the need for
residential care","['review', 'committee', 'i++', 'that', 'will', 'evaluate', 'and', 'i++', 'approve', 'mental', '-mental', '-approve', 'i--', '-and', '-evaluate', '-will', 'determines', 'the', 'need', 'for', 'i++', 'residential', 'care', 'i++']"
LABORATORY MICROBIOLOGIST,"The health of all new
york state approved methods and
techniques as needed","['the', 'bureau', 'of', '-of', 'provides', 'i++', 'direct', 'clinical', '-clinical', '-direct', 'i--', '-provides', '-bureau', 'health', 'of', 'all', 'new', 'i++', 'york', 'city', 'residents', 'and', 'i++', 'more', 'than', '1', '-1', '-than', '-more', 'i--', '-and', '-residents', '-city', 'state', 'approved', 'methods', 'and', 'i++', 'techniques', 'as', 'needed', 'i++']"
LABORATORY MICROBIOLOGIST,"The needs of the new
york state approved methods and
techniques as needed","['the', 'needs', 'of', 'the', 'new', 'i++', 'york', 'state', 'clinical', '-clinical', 'approved', 'methods', 'and', 'i++', 'will', 'assemble', '-assemble', '-will', 'techniques', 'as', 'needed', 'i++']"
AGENCY ATTORNEY INTERNE,"Provide counsel to
the agency including
class action lawsuits","['provide', 'counsel', 'to', 'i++', 'the', 'agency', 'chief', '-chief', 'including', 'i++', 'class', 'action', 'lawsuits', 'i++']"
AGENCY ATTORNEY INTERNE,"Motions and other
agencies or oversights
as necessary","['motions', 'and', 'other', 'i++', 'agencies', 'or', 'oversights', 'i++', 'as', 'necessary', 'i++']"
CHILD WELFARE SPECIALIST,"Flexibility
and ability to work
as part of a team","['flexibility', 'i++', 'and', 'ability', 'to', 'step', 'i++', 'into', 'an', '-an', '-into', 'i--', '-step', 'work', 'i++', 'as', 'needed', 'on', '-on', '-needed', 'part', 'of', 'a', 'team', 'i++']"
CHILD WELFARE SPECIALIST,"The incumbent will
be referred to the borough
offices daily","['the', 'incumbent', 'will', 'i++', 'be', 'working', 'closely', 'with', '-with', '-closely', '-working', 'responsible', 'but', 'not', 'i++', 'limited', 'to', '-to', '-limited', 'i--', '-not', '-but', '-responsible', 'referred', 'to', 'the', 'borough', 'i++', 'offices', 'daily', 'i++']"
EXECUTIVE PROGRAM SPECIALIST (,"The director of
human resources hr
director include","['the', 'blake', 'fellowship', 'i++', 'program', 'shall', 'consist', 'of', 'three', 'i++', '3', '-3', 'i--', '-three', '-of', '-consist', '-shall', '-program', 'i--', '-fellowship', '-blake', 'director', 'will', 'i++', 'oversee', 'the', 'human', '-human', '-the', '-oversee', 'provide', 'direction', 'and', '-and', '-direction', '-provide', 'i--', '-will', 'of', 'i++', 'human', 'resources', 'hr', 'i++', 'director', 'include', 'i++']"
EXECUTIVE PROGRAM SPECIALIST (,"Salary civil
service hiring management
and workforce planning","['salary', 'civil', 'i++', 'service', 'hiring', 'management', 'i++', 'and', 'workforce', 'planning', 'i++']"
THERMOSTAT REPAIRER,"Use hvac building
automation systems and
ddc controls","['use', 'hvac', 'building', 'i++', 'automation', 'system', '-system', 'systems', 'and', 'i++', 'ensure', 'that', '-that', '-ensure', 'ddc', 'controls', 'i++']"
ASSOCIATE QUALITY ASSURANCE SP,"Coordinating
the operation of word
processing systems","['coordinating', 'i++', 'the', 'operation', 'of', 'word', 'i++', 'processing', 'systems', 'i++']"
ASSOCIATE QUALITY ASSURANCE SP,"The operation
of word processing office
and or promotion","['the', 'operation', 'i++', 'of', 'word', 'processing', 'office', 'i++', 'and', 'or', 'project', '-project', 'promotion', 'i++']"
EMERGENCY PREPAREDNESS SPECIAL,"The city of new
york city emergency
management a plus","['the', 'city', 'of', 'new', 'i++', 'york', 'city', 'emergency', 'i++', 'management', 'is', '-is', 'a', 'plus', 'i++']"
EMERGENCY PREPAREDNESS SPECIAL,"Demonstrated skills
and experience with a
class a endorsement","['demonstrated', 'skills', 'i++', 'and', 'experience', 'with', 'apt', 'i++', 'fms', 'and', '-and', '-fms', 'i--', '-apt', 'a', 'i++', 'large', '-large', 'i--', '-a', 'apt', 'i++', 'fms', 'and', '-and', '-fms', 'i--', '-apt', 'a', 'i++', 'class', 'a', 'endorsement', 'i++']"
ADM MANAGER-NON-MGRL FRM M1/M2,"The environment
and the environment and
the environment","['the', 'quarterly', '-quarterly', 'environment', 'i++', 'and', 'the', 'environment', 'and', 'i++', 'the', 'environment', 'i++']"
ADM MANAGER-NON-MGRL FRM M1/M2,"The acco
and reporting to the chief
of contract awards","['the', 'acco', 'i++', 'and', 'deputy', 'chief', 'with', '-with', '-chief', '-deputy', 'reporting', 'to', 'the', 'chief', 'i++', 'of', 'contract', 'awards', 'i++']"
ASSISTANT CIVIL ENGINEER,"Prepare reports and
work products conform to the
following duties","['prepare', 'reports', 'and', 'i++', 'work', 'products', 'conform', 'to', 'the', 'i++', 'engineering', '-engineering', 'functions', 'or', '-or', '-functions', 'maintenance', 'of', '-of', '-maintenance', 'program', 'scope', 'of', '-of', '-scope', '-program', 'following', 'duties', 'i++']"
ASSISTANT CIVIL ENGINEER,"Preferences will
be built and or construction
management projects","['preferences', 'will', 'i++', 'be', 'built', 'and', 'or', 'construction', 'i++', 'management', 'projects', 'i++']"
DIETITIAN,"The dietary
service for compliance with
accepted standards","['the', 'dietary', 'i++', 'service', 'for', 'compliance', 'with', 'i++', 'accepted', 'standards', 'i++']"
ADMINISTRATIVE TRANSPORTATION,"The parking fields as
well as all authorized and
other agencies","['the', 'parking', 'fields', 'as', 'i++', 'well', 'as', 'all', 'authorized', 'and', 'i++', 'other', 'parking', '-parking', 'agencies', 'i++']"
ADMINISTRATIVE TRANSPORTATION,"The candidate will
be reporting to the tasks
as outlined below","['the', 'candidate', 'will', 'i++', 'be', 'reporting', 'to', 'the', 'tasks', 'i++', 'as', 'outlined', 'below', 'i++']"
LANDSCAPE ARCHITECT,"Portfolio the
successful candidate will
have the following","['portfolio', 'the', 'i++', 'successful', 'candidate', 'will', 'i++', 'also', 'assist', '-assist', '-also', 'i--', '-will', 'is', 'i++', 'a', 'champion', '-champion', '-a', 'effective', 'at', '-at', '-effective', 'i--', '-is', 'will', 'i++', 'have', 'the', 'following', 'i++']"
LANDSCAPE ARCHITECT,"Coordinate with
agency staff including
landscape architects","['coordinate', 'with', 'i++', 'agency', 'goals', 'such', 'as', '-as', '-such', '-goals', 'staff', 'including', 'i++', 'landscape', 'architects', 'i++']"
STRATEGIC INITIATIVE SPECIALIS,"Portfolio of
both city-owned and leased real
estate services","['portfolio', 'of', 'i++', 'both', 'city-owned', 'and', 'leased', 'real', 'i++', 'estate', 'services', 'i++']"
STRATEGIC INITIATIVE SPECIALIS,"Developing space
standards in office design
and project updates","['developing', 'space', 'i++', 'standards', 'in', 'office', 'space', '-space', 'design', 'i++', 'and', 'project', 'updates', 'i++']"
STAFF ANALYST TRAINEE,"Please note that only
applicants permanent in
the following tasks","['please', 'note', 'that', 'only', 'i++', 'applicants', 'permanent', 'in', 'i++', 'the', 'following', 'tasks', 'i++']"
DIRECTOR OF CORRECTIONAL STAND,"The incumbent will
review and evaluate
compliance issues","['the', 'incumbent', 'will', 'i++', 'review', 'and', 'evaluate', 'i++', 'compliance', 'issues', 'i++']"
CITY PLANNER,"Work on bike share and
or cycling a plus but
not be considered","['work', 'on', 'bike', 'share', 'and', 'i++', 'or', 'cycling', 'a', 'plus', 'but', 'i++', 'not', 'be', 'considered', 'i++']"
CITY PLANNER,"Perform fieldwork in
support of oversight of
citi bike system","['perform', 'fieldwork', 'in', 'i++', 'support', 'of', 'oversight', 'of', 'i++', 'citi', 'bike', 'is', '-is', 'system', 'i++']"
METAL WORK MECHANIC,"Is responsible
for and directs the work of
assigned personnel","['is', 'preferred', '-preferred', 'responsible', 'i++', 'for', 'and', 'directs', 'the', 'work', 'of', 'i++', 'assigned', 'personnel', 'i++']"
PRINCIPAL ADMINISTRATIVE ASSOC,"Serve as an outreach
specialist in the center
for health and the need","['serve', 'as', 'an', 'outreach', 'i++', 'specialist', 'in', 'the', 'center', 'i++', 'for', 'health', 'and', 'the', 'need', 'i++']"
PRINCIPAL ADMINISTRATIVE ASSOC,"The bureau is a
division within the fleet
and rental unit","['the', 'bureau', 'of', '-of', 'is', 'a', 'i++', 'division', 'within', 'the', 'fleet', 'i++', 'and', 'rental', 'unit', 'i++']"
EXAMINING ATTORNEY,"In addition to
legal work the assistant
counsel will include","['in', 'addition', 'to', 'i++', 'legal', 'work', 'the', 'assistant', 'i++', 'counsel', 'will', 'include', 'i++']"
ECONOMIST,"An understanding
of statistical methods
and data sources","['an', 'understanding', 'i++', 'of', 'statistical', 'methods', 'i++', 'and', 'processes', '-processes', 'data', 'sources', 'i++']"
ECONOMIST,"The direction of
the transportation planning
and policy group","['the', 'direction', 'of', 'i++', 'the', 'datasets', 'provide', '-provide', 'and', 'their', '-their', '-and', 'provide', '-provide', '-datasets', 'transportation', 'planning', 'i++', 'and', 'policy', 'group', 'i++']"
SEWAGE TREATMENT WORKER,"Operate maintain
and repair machinery
equipment and grounds","['operate', 'maintain', 'i++', 'and', 'repair', 'equipment', 'such', 'i++', 'as', 'entering', '-entering', 'making', '-making', '-as', 'i--', '-such', '-equipment', 'machinery', 'i++', 'equipment', 'and', 'grounds', 'i++']"
ADMINISTRATIVE PROJECT MANAGER,"Field crews projects on
time impact analysis
on contract changes","['field', 'crews', 'projects', 'on', 'i++', 'time', 'impact', 'analysis', 'i++', 'on', 'contract', 'changes', 'i++']"
ADMINISTRATIVE PROJECT MANAGER,"The chief of staff will
provide management reports
and presentations","['the', 'chief', 'of', 'staff', 'will', 'i++', 'be', 'the', 'primary', '-primary', '-the', '-be', 'provide', 'effective', '-effective', '-provide', 'assist', 'in', 'financial', 'and', 'i++', 'schedule', 'for', '-for', '-schedule', 'i--', '-and', '-financial', '-in', '-assist', 'provide', 'management', 'reports', 'i++', 'and', 'presentations', 'i++']"
CONFIDENTIAL INVESTIGATOR,"Preparing status
reports of the director
of the public trust","['preparing', 'status', 'i++', 'reports', 'of', 'the', 'director', 'i++', 'of', 'vendor', '-vendor', 'the', 'public', 'trust', 'i++']"
CONFIDENTIAL INVESTIGATOR,"The ability
to multi-task and manage
large volume of tasks","['the', 'ability', 'i++', 'to', 'multi-task', 'and', 'work', 'in', 'i++', 'a', 'fast', 'paced', '-paced', '-fast', '-a', 'i--', '-in', '-work', 'manage', 'i++', 'large', 'volume', 'of', 'tasks', 'i++']"
SUPERVISING COMPUTER SERVICE T,"The overall desk
activities including
the supervisors","['the', 'overall', 'desk', 'i++', 'activities', 'including', 'i++', 'the', 'supervisors', 'i++']"
HUMAN RIGHTS SPECIALIST (COMM,"Provide services
related to combating
bias incidents","['provide', 'services', 'i++', 'related', 'to', 'the', '-the', 'combating', 'i++', 'bias', 'incidents', 'i++']"
HUMAN RIGHTS SPECIALIST (COMM,"Communities and
people with criminal or
arrest histories","['communities', 'and', 'i++', 'people', 'with', 'limited', '-limited', 'criminal', 'or', 'i++', 'arrest', 'histories', 'i++']"
ADMINISTRATIVE BUSINESS PROMOT,"Industry partners
in the devices domain
hardware or software","['industry', 'partners', 'i++', 'in', 'the', 'food', 'service', 'sector', 'i++', 'in', 'new', 'york', 'state', '-state', 'in', '-in', '-york', '-new', '-in', 'i--', '-sector', '-service', '-food', 'devices', 'domain', 'i++', 'hardware', 'or', 'software', 'i++']"
ADMINISTRATIVE BUSINESS PROMOT,"The development
of a new york city and
other stakeholders","['the', 'development', 'i++', 'of', 'a', 'superior', '-superior', 'new', 'york', 'city', 'and', 'i++', 'other', 'stakeholders', 'i++']"
INSPECTOR (HOUSING),"The five boroughs and
and may be scheduled to work
evenings and weekends","['the', 'five', 'boroughs', 'and', 'i++', 'may', 'be', 'scheduled', 'to', 'work', 'in', 'i++', 'the', 'middle', 'class', '-class', '-middle', '-the', 'extreme', 'weather', '-weather', '-extreme', 'the', 'inspection', '-inspection', '-the', 'i--', '-in', '-work', '-to', '-scheduled', 'assigned', 'to', 'any', 'i++', 'of', 'the', 'five', '-five', '-the', '-of', 'i--', '-any', '-to', '-assigned', '-be', '-may', 'and', 'may', 'be', 'scheduled', 'to', 'work', 'i++', 'evenings', 'and', 'weekends', 'i++']"
FRAUD INVESTIGATOR,"The integrity
of the municipal id
program seeks a fraud","['the', 'extent', '-extent', 'integrity', 'i++', 'of', 'the', 'municipal', 'id', 'i++', 'program', 'seeks', 'a', 'fraud', 'i++']"
MAINTENANCE WORKER,"Visually inspects
public buildings and structures
and the equipment","['visually', 'checks', 'for', 'i++', 'and', 'records', 'the', '-the', '-records', '-and', 'i--', '-for', '-checks', 'inspects', 'i++', 'public', 'buildings', 'and', 'structures', 'i++', 'and', 'the', 'equipment', 'i++']"
MAINTENANCE WORKER,"Employees may be
required to work one of
these developments","['employees', 'will', '-will', 'may', 'be', 'i++', 'required', 'to', 'work', 'one', 'of', 'i++', 'these', 'developments', 'i++']"
ENVIRONMENTAL ENGINEERING INTE,"The creation of
catch basins in various
weather conditions","['the', 'creation', 'of', 'i++', 'catch', 'basin', 'data', '-data', 'inspection', '-inspection', '-basin', 'basins', 'and', 'monitor', 'i++', 'the', 'work', 'progress', '-progress', '-work', '-the', 'i--', '-monitor', '-and', 'in', 'various', 'i++', 'weather', 'conditions', 'i++']"
ENVIRONMENTAL ENGINEERING INTE,"Assisting with site
inspections of catch basin
cleaning contractors","['assisting', 'with', 'site', 'i++', 'inspections', 'of', 'catch', 'basin', 'i++', 'cleaning', 'contractors', 'i++']"
INVESTIGATOR,"The candidate must
be able to work any
assigned shift or day","['the', 'monitoring', 'i++', 'of', 'daily', 'field', 'work', '-work', '-field', '-daily', '-of', 'i--', '-monitoring', 'candidate', 'must', 'i++', 'abide', 'by', 'the', '-the', '-by', '-abide', 'be', 'able', 'to', 'work', 'any', 'i++', 'assigned', 'shift', 'or', 'day', 'i++']"
INVESTIGATOR,"Must be able to
work independently and
as part of a team","['must', 'be', 'able', 'to', 'i++', 'work', 'any', 'assigned', 'shift', 'or', 'i++', 'day', '-day', 'i--', '-or', '-shift', '-assigned', '-any', 'independently', 'and', 'i++', 'as', 'part', 'of', 'a', 'team', 'i++']"
RESEARCH PROJECTS COOR(MA)-MGR,"Troubleshooting skills
ability to achieve
results are valued","['troubleshooting', 'skills', 'i++', 'ability', 'to', 'achieve', 'i++', 'quality', '-quality', 'results', 'are', 'valued', 'i++']"
RESEARCH PROJECTS COOR(MA)-MGR,"System fms
automated procurement
tracking system apt","['system', 'across', '-across', 'fms', 'i++', 'automated', 'procurement', 'i++', 'tracking', 'system', 'apt', 'i++']"
SPECIAL CONSULTANT (MENTAL HEA,"Implement trainings
on specific mental health
unit senior staff","['implement', 'and', '-and', 'trainings', 'i++', 'on', 'specific', 'mental', 'health', 'i++', 'service', 'corps', '-corps', '-service', 'unit', 'senior', 'staff', 'i++']"
SPECIAL CONSULTANT (MENTAL HEA,"Provide and or the
community school model
high suspension schools","['provide', 'and', 'or', 'the', 'i++', 'community', 'school', 'team', 'and', 'i++', 'between', 'schools', 'and', '-and', '-schools', '-between', 'i--', '-and', '-team', 'model', 'i++', 'high', 'suspension', 'schools', 'i++']"
DISTRICT SUPERVISOR (WATER & S,"Surveys and reports
on water supply sewage
and drainage systems","['surveys', 'and', 'reports', 'i++', 'on', 'water', 'supply', 'sewer', 'i++', 'or', 'drainage', '-drainage', '-or', 'i--', '-sewer', 'sewage', 'i++', 'and', 'drainage', 'systems', 'i++']"
SUPERVISING PUBLIC HEALTH ADVI,"The sexual health
of all persons diagnosed
with hiv aids","['the', 'sexual', 'health', 'i++', 'of', 'all', 'new', 'yorkers', 'with', '-with', '-yorkers', '-new', 'case', 'management', 'of', 'i++', 'chronic', 'health', '-health', '-chronic', 'hiv', '-hiv', 'i--', '-of', '-management', '-case', '-all', '-of', 'and', 'safety', 'training', 'and', '-and', '-training', '-safety', '-and', 'of', 'all', 'persons', 'diagnosed', 'i++', 'with', 'hiv', 'aids', 'i++']"
SUPERVISING PUBLIC HEALTH ADVI,"Train and supervise
the work of staff and working
independently","['train', 'and', 'supervise', 'i++', 'the', 'work', 'of', 'staff', 'and', 'working', 'i++', 'independently', 'i++']"
ASSOCIATE INVESTIGATOR (NOT PR,"Resolves quality
issues as required based
upon file audits","['resolves', 'quality', 'i++', 'issues', 'as', 'required', 'based', 'i++', 'upon', 'file', 'audits', 'i++']"
PUBLIC HEALTH SANITARIAN,"These positions will
be situated in the
healthy homes issues","['these', 'positions', 'will', 'i++', 'be', 'situated', 'in', 'the', 'i++', 'field', '-field', 'healthy', 'homes', 'issues', 'i++']"
PUBLIC HEALTH SANITARIAN,"Experience or
work experience in the
healthy homes issues","['experience', 'or', 'i++', 'work', 'experience', 'in', 'the', 'i++', 'food', 'safety', 'and', '-and', '-safety', '-food', 'healthy', 'homes', 'issues', 'i++']"
BOOKKEEPER,"The core values of
the director of audits
and accounts unit","['the', 'core', 'values', 'of', 'i++', 'the', 'accounts', '-accounts', 'director', 'of', 'audits', 'i++', 'and', 'accounts', 'unit', 'i++']"
QUALITY ASSURANCE SPECIALIST T,"The city receives
the quality level and
value of the time","['the', 'intent', 'of', 'these', 'i++', 'determinations', 'is', 'to', 'i++', 'ascertain', 'and', '-and', '-ascertain', 'i--', '-to', '-is', '-determinations', 'i--', '-these', '-of', '-intent', 'city', 'receives', 'i++', 'the', 'quality', 'level', 'and', 'i++', 'value', 'of', 'the', 'time', 'i++']"
ASSOCIATE HUMAN RIGHTS SPECIAL,"Evaluating
workshop and training programs
and literature","['evaluating', 'i++', 'workshop', 'and', 'training', 'programs', 'i++', 'and', 'literature', 'i++']"
ADMIN CONTRACT SPECIALIST (PYR,"Contracting staff on
preparing for new yorkers
and communities","['contracting', 'of', '-of', 'staff', 'on', 'i++', 'preparing', 'for', 'new', 'yorkers', 'i++', 'and', 'communities', 'i++']"
ADMIN CONTRACT SPECIALIST (PYR,"The ability
to utilize solution
based problem solving","['the', 'ability', 'i++', 'to', 'adequately', 'describe', 'i++', 'observations', '-observations', 'i--', '-describe', '-adequately', 'utilize', 'solution', 'i++', 'based', 'problem', 'solving', 'i++']"
ADMINISTRATIVE LABOR RELATIONS,"Developing and
executing strategies
and initiatives","['developing', 'and', 'i++', 'executing', 'the', '-the', 'strategies', 'i++', 'and', 'initiatives', 'i++']"
ADMINISTRATIVE LABOR RELATIONS,"Leading driving and
executing strategies
and initiatives","['leading', 'driving', 'and', 'i++', 'executing', 'strategies', 'i++', 'and', 'initiatives', 'i++']"
CHILD AND FAMILY SPECIALIST,"Provides feedback to
the preventive providers
as appropriate","['provides', 'feedback', 'to', 'i++', 'the', 'preventive', 'providers', 'i++', 'on', 'cases', 'with', '-with', '-cases', '-on', 'as', 'assigned', 'on', '-on', '-assigned', 'appropriate', 'i++']"
CHILD AND FAMILY SPECIALIST,"The provider may
include other support and
ensure that placement","['the', 'provider', 'with', 'i++', 'overcoming', 'obstacles', 'i++', 'deterring', 'the', '-the', '-deterring', 'i--', '-obstacles', '-overcoming', 'i--', '-with', 'may', 'i++', 'include', 'other', 'support', 'and', 'i++', 'ensure', 'that', 'placement', 'i++']"
ASSISTANT DISTRICT MANAGER (CO,"The district office
at the direction of the
district manager","['the', 'district', 'office', 'i++', 'at', 'the', 'direction', 'of', 'the', 'i++', 'district', 'manager', 'i++']"
SCIENTIST (WATER ECOLOGY),"The field section to
ensure compliance with the
new regulations","['the', 'findings', 'of', 'the', 'i++', 'scientist', 'water', '-water', '-scientist', 'i--', '-the', '-of', '-findings', 'state', 'of', 'new', 'york', 'i++', 'city', 'buildings', '-buildings', '-city', 'i--', '-york', '-new', '-of', '-state', 'field', 'and', 'conduct', 'i++', 'field', 'surveys', '-surveys', '-field', 'i--', '-conduct', '-and', 'section', 'to', 'i++', 'ensure', 'compliance', 'with', 'the', 'i++', 'new', 'regulations', 'i++']"
CONTRACT SPECIALIST,"The coalitions
coordinator and the
duties will include","['the', 'coalitions', 'i++', 'coordinator', 'and', 'the', 'i++', 'duties', 'will', 'include', 'i++']"
CONTRACT SPECIALIST,"6 billion the new
york city procurement rules
and regulations","['6', 'billion', 'the', 'new', 'i++', 'york', 'city', 'department', 'of', 'i++', 'health', 'and', 'mental', '-mental', '-and', '-health', 'i--', '-of', '-department', 'procurement', 'rules', 'i++', 'and', 'regulations', 'i++']"
CITY CUSTODIAL ASSISTANT,"The division of
administration bureau
of operations","['the', 'division', 'of', 'i++', 'administration', 'bureau', 'i++', 'of', 'operations', 'i++']"
CITY CUSTODIAL ASSISTANT,"Custodial and
maintenance of the bureau
of operations","['custodial', 'and', 'i++', 'maintenance', 'of', 'the', 'bureau', 'i++', 'of', 'operations', 'i++']"
AIR POLLUTION INSPECTOR,"The selected air
pollution inspectors for
the air and noise codes","['the', 'selected', 'air', 'i++', 'pollution', 'inspectors', 'for', 'i++', 'the', 'air', 'and', 'noise', 'codes', 'i++']"
ENGINEERING TECHNICIAN,"Performs research and
respond to written requests
for design changes","['performs', 'research', 'and', 'i++', 'respond', 'to', 'written', 'requests', 'i++', 'for', 'design', 'changes', 'i++']"
PLUMBER'S HELPER,"Install maintain and
repair plumbing equipment
and accessories","['install', 'maintain', 'and', 'i++', 'repair', 'plumbing', 'equipment', 'i++', 'and', 'accessories', 'i++']"
LEGAL COORDINATOR,"Administering
the operation of a
notary public","['administering', 'i++', 'the', 'operation', 'of', 'a', 'i++', 'notary', 'public', 'i++']"
SENIOR CONSULTANT (PUBLIC HEAL,"Providing in-house
training on behavioral
health needs of clients","['providing', 'in-house', 'i++', 'training', 'on', 'behavioral', 'i++', 'health', 'needs', 'of', 'clients', 'i++']"
RESEARCH PROJECTS COORDINATOR,"The city charter
procurement policy board
rules and directives","['the', 'city', 'chief', '-chief', 'charter', 'i++', 'procurement', 'policy', 'board', 'i++', 'rules', 'and', 'directives', 'i++']"
RESEARCH PROJECTS COORDINATOR,"All procurement and
contracting process preferred
but not required","['all', 'city', '-city', 'procurement', 'and', 'i++', 'contracting', 'process', 'preferred', 'i++', 'but', 'not', 'required', 'i++']"
ASSOCIATE PROJECT MANAGER,"Knowledge of design
and construction management
and construction staff","['knowledge', 'of', 'design', 'i++', 'and', 'construction', 'management', 'i++', 'and', 'construction', 'staff', 'i++']"
ASSOCIATE PROJECT MANAGER,"Serve as the design
and contract management and
administration","['serve', 'as', 'the', 'project', 'i++', 'lifecycle', 'and', 'must', 'be', 'a', 'i++', 'self-starter', 'quick', '-quick', '-self-starter', 'i--', '-a', '-be', '-must', '-and', '-lifecycle', 'i--', '-project', 'design', 'i++', 'and', 'contract', 'management', 'and', 'i++', 'administration', 'i++']"
COMPUTER OPERATIONS MANAGER (S,"Able to manage
up and manage issues through
to resolution","['able', 'to', 'manage', 'i++', 'up', 'and', 'manage', 'peers', '-peers', 'issues', 'through', 'i++', 'to', 'resolution', 'i++']"
COMPUTER OPERATIONS MANAGER (S,"Experience with
at least 4 years of proven
i-t service teams","['experience', 'with', 'i++', 'at', 'least', '4', 'years', 'of', 'proven', 'i++', 'i-t', 'service', 'teams', 'i++']"
CERT. IT ADMINISTRATOR WAN,"Serves as an in-house
expert and authority
regarding network","['serves', 'as', 'an', 'in-house', 'i++', 'expert', 'and', 'authority', 'i++', 'regarding', 'network', 'i++']"
CERT. IT ADMINISTRATOR WAN,"Serves as the in-house
expert and authority
regarding network","['serves', 'as', 'the', 'in-house', 'i++', 'expert', 'and', 'authority', 'i++', 'regarding', 'network', 'i++']"
SPECIAL OFFICER,"As peace officers
can apply the civilian
complaint review board","['as', 'peace', 'officers', 'i++', 'can', 'apply', 'the', 'civilian', 'i++', 'complaint', 'review', 'board', 'i++']"
ADMINISTRATIVE ACCOUNTANT,"Experience in
a broad variety of
financial data","['experience', 'in', 'i++', 'a', 'broad', 'variety', 'of', 'i++', 'financial', 'and', '-and', 'data', 'i++']"
CASHIER,"Must be currently
serving as a permanent
cashier to apply","['must', 'be', 'currently', 'i++', 'serving', 'as', 'a', 'permanent', 'i++', 'cashier', 'to', 'apply', 'i++']"
CASHIER,"Other transactions
include processing payments
received in the mail","['other', 'transactions', 'i++', 'include', 'processing', 'payments', 'i++', 'received', 'in', 'the', 'mail', 'i++']"
COMPUTER SPECIALIST (OPERATION,"Create and close work
orders in accordance with
established standards","['create', 'usage', '-usage', 'and', 'close', 'work', 'i++', 'orders', 'in', 'accordance', 'with', 'i++', 'established', 'standards', 'i++']"
COMPUTER SPECIALIST (OPERATION,"Microsoft windows
operating systems and
their utilities","['microsoft', 'windows', 'i++', 'operating', 'systems', 'os', 'i++', 'open', 'knowledge', '-knowledge', '-open', 'i--', '-os', 'and', 'i++', 'job', 'control', '-control', '-job', 'their', 'utilities', 'i++']"
ADMINISTRATIVE PUBLIC HEALTH S,"Risk assessment field
inspection and enforcement
to achieve its goals","['risk', 'assessment', 'field', 'i++', 'inspection', 'and', 'enforcement', 'i++', 'to', 'achieve', 'the', '-the', 'its', 'goals', 'i++']"
ADM CITY PLANNER (NON MGRL),"The development
and implementation of
specific programs","['the', 'development', 'i++', 'of', 'street', 'design', 'transit', '-transit', 'and', 'project', 'i++', 'management', 'and', '-and', '-management', 'cost', 'estimates', '-estimates', '-cost', 'management', 'and', '-and', '-management', 'i--', '-project', 'traffic', 'i++', 'engineering', '-engineering', 'i--', '-traffic', '-and', 'technical', 'i++', 'analysis', '-analysis', 'i--', '-technical', '-design', '-street', 'project', 'needs', 'the', '-the', '-needs', '-project', '-of', 'and', 'implementation', 'of', 'i++', 'the', 'job', 'as', 'it', '-it', '-as', '-job', '-the', 'specific', 'programs', 'i++']"
ADM CITY PLANNER (NON MGRL),"The process by which
new york city government
and geography","['the', 'process', 'by', 'which', 'i++', 'new', 'york', 'city', 'agencies', 'i++', 'department', 'of', '-of', '-department', 'i--', '-agencies', 'government', 'i++', 'and', 'geography', 'i++']"
INSTRUMENTATION SPECIALIST,"Working in confined
spaces lifting objects to
up to 30 feet","['working', 'in', 'confined', 'i++', 'areas', '-areas', 'spaces', 'lifting', 'objects', 'to', 'i++', 'up', 'to', '30', 'feet', 'i++']"
EXECUTIVE AGENCY COUNSEL,"The new york city
department of housing and
urban renewal","['the', 'new', 'york', 'city', 'i++', 'human', 'rights', 'law', 'and', 'its', 'rules', 'i++', 'i--', '-rules', '-its', '-and', 'city', '-city', '-law', 'issues', '-issues', '-rights', '-human', 'law', 'department', 'to', '-to', '-department', '-law', 'human', 'rights', 'law', 'city', '-city', '-law', '-rights', '-human', 'department', 'of', 'housing', 'and', 'i++', 'urban', 'renewal', 'i++']"
EXECUTIVE AGENCY COUNSEL,"Create a long-term
system of compliance and
enforcement actions","['create', 'and', 'preserve', 'i++', '200', '-200', 'i--', '-preserve', '-and', 'a', 'long-term', 'i++', 'system', 'of', 'compliance', 'and', 'i++', 'enforcement', 'actions', 'i++']"
CONTRACT REVIEWER (OFFICE OF L,"Assist program and
other small business lending
and small business growth","['assist', 'program', 'and', 'i++', 'other', 'small', 'business', 'clients', 'i++', 'in', 'ways', 'to', '-to', '-ways', '-in', 'that', 'includes', '-includes', '-that', 'in', 'ways', 'to', '-to', '-ways', '-in', 'that', 'includes', '-includes', '-that', 'i--', '-clients', 'lending', 'i++', 'and', 'small', 'business', 'growth', 'i++']"
ASSOCIATE HOUSING DEVELOPMENT,"Managing agents
elected officials and
other consultants","['managing', 'agents', 'i++', 'elected', 'officials', 'and', 'i++', 'other', 'consultants', 'i++']"
ASSOCIATE HOUSING DEVELOPMENT,"As the director
of the homeowner mortgage
servicing unit","['as', 'the', 'legal', '-legal', 'director', 'i++', 'of', 'the', 'homeowner', 'mortgage', 'i++', 'servicing', 'unit', 'i++']"
ADMINISTRATIVE HORTICULTURIST,"Valid new york state
driver license valid in
the state of new york","['valid', 'new', 'york', 'state', 'i++', 'driver', 'license', 'valid', 'in', 'i++', 'the', 'procurement', '-procurement', 'state', 'of', 'new', 'york', 'i++']"
PUBLIC HEALTH EDUCATOR,"Ability to
work independently and
as part of a team","['ability', 'to', 'i++', 'support', 'thrivenyc', '-thrivenyc', 'the', 'successful', '-successful', '-the', 'thrivenyc', '-thrivenyc', '-support', 'work', 'independently', 'and', 'i++', 'as', 'part', 'of', 'a', 'team', 'i++']"
PUBLIC HEALTH EDUCATOR,"The provider of
public health services in
the new york city","['the', 'website', '-website', 'provider', 'of', 'i++', 'public', 'health', 'services', 'in', 'i++', 'the', 'program', 'to', '-to', '-program', 'training', 'and', '-and', '-training', 'new', 'york', 'city', 'i++']"
SENIOR IT ARCHITECT,"Advanced knowledge of
virtualization and
cloud hybrid model","['advanced', 'knowledge', 'of', 'i++', 'virtualization', 'and', 'i++', 'cloud', 'software', '-software', 'hybrid', 'model', 'i++']"
SENIOR IT ARCHITECT,"Experience in
filing blocking and object
storage services","['experience', 'in', 'i++', 'filing', 'blocking', 'and', 'object', 'i++', 'storage', 'services', 'i++']"
PROBATION OFFICER,"Understanding and
experience working with
high risk young people","['understanding', 'and', 'i++', 'experience', 'working', 'with', 'i++', 'high', 'risk', 'young', 'people', 'i++']"
PROBATION OFFICER,"Assist the office
of general counsel in
the supervision","['assist', 'the', 'office', 'i++', 'of', 'general', 'counsel', 'in', 'i++', 'the', 'supervision', 'i++']"
DIRECTOR OF PUBLIC INFORMATION,"The effectiveness
and work environment for
the strategic growth","['the', 'development', 'i++', 'implementation', 'and', '-and', '-implementation', 'i--', '-development', 'public', 'at', 'large', 'i++', 'on', 'dcp', '-dcp', '-on', 'i--', '-large', '-at', '-public', 'effectiveness', 'i++', 'and', 'work', 'environment', 'for', 'i++', 'the', 'strategic', 'growth', 'i++']"
DEPUTY INSPECTOR GENERAL,"The new york city
government is a plus but
is not required","['the', 'new', 'york', 'city', 'i++', 'government', 'is', 'a', 'plus', 'but', 'i++', 'is', 'not', 'required', 'i++']"
STATIONARY ENGINEER (ELECTRIC),"This license must be
maintained for the duration
of the assignment","['this', 'license', 'must', 'be', 'i++', 'maintained', 'for', 'the', 'duration', 'i++', 'of', 'the', 'assignment', 'i++']"
SENIOR MENTAL HEALTH WORKER,"The quality and
appropriateness of care
planned and provided","['the', 'quality', 'and', 'i++', 'appropriateness', 'of', 'care', 'i++', 'planned', 'and', 'provided', 'i++']"
SENIOR MENTAL HEALTH WORKER,"Bureau of mental
health providers to support
their recovery needs","['bureau', 'of', 'mental', 'i++', 'health', 'programs', '-programs', 'providers', 'to', 'support', 'i++', 'engagement', 'in', '-in', '-engagement', 'their', 'recovery', 'needs', 'i++']"
ASSISTANT ARCHITECT,"Develop and or
incentives to assist in
the land use review","['develop', 'and', 'or', 'i++', 'incentives', 'to', 'assist', 'in', 'i++', 'the', 'land', 'use', 'and', '-and', 'review', 'i++']"
ASSISTANT ARCHITECT,"The design phase for
projects that may have complex
site and or review","['the', 'design', 'progress', 'i++', 'i--', '-progress', 'phase', 'for', 'i++', 'projects', 'that', 'may', 'have', 'complex', 'i++', 'site', 'and', 'or', 'review', 'i++']"
ASSOCIATE CHEMIST,"Tasks follow routine
laboratory quality
control procedures","['tasks', 'follow', 'routine', 'i++', 'laboratory', 'quality', 'i++', 'control', 'procedures', 'i++']"
EXECUTIVE ASSISTANT (TAXI & LI,"The new licensing
facility and the growth
of the senior staff","['the', 'new', 'licensing', 'i++', 'facility', 'and', 'the', 'growth', 'i++', 'of', 'the', 'senior', 'staff', 'i++']"
EXECUTIVE ASSISTANT (TAXI & LI,"The division of
finance and operations
and finance matters","['the', 'division', 'of', 'i++', 'finance', 'and', 'operations', 'i++', 'and', 'finance', 'matters', 'i++']"
EXECUTIVE DIRECTOR,"Meet regularly
with community partners
and other oc","['meet', 'regularly', 'i++', 'with', 'community', 'partners', 'i++', 'and', 'other', 'oc', 'i++']"
EXECUTIVE DIRECTOR,"Possession of a
law degree or a master
degree is a plus","['possession', 'of', 'a', 'i++', 'law', 'degree', 'or', 'a', 'master', 'i++', 'degree', 'is', 'a', 'plus', 'i++']"
AUTOMOTIVE SERVICE WORKER,"Ability to
work rotating shifts nights and
weekends as needed","['ability', 'to', 'i++', 'work', 'rotating', 'shifts', 'nights', 'and', 'i++', 'weekends', 'as', 'needed', 'i++']"
ADMIN COMMUNITY RELATIONS SPEC,"The community
boards and the private sector
is also preferred","['the', 'community', 'i++', 'boards', 'and', 'the', 'private', 'sector', 'i++', 'is', 'also', 'preferred', 'i++']"
ADMIN COMMUNITY RELATIONS SPEC,"Develop maintain
and track in-house preventive
maintenance program","['develop', 'and', '-and', 'maintain', 'i++', 'and', 'organize', 'paperwork', 'i++', 'related', 'to', '-to', '-related', 'i--', '-paperwork', '-organize', 'track', 'in-house', 'preventive', 'i++', 'maintenance', 'program', 'i++']"
CRIMINALIST ASSISTANT DIRECTOR,"For a total of
four years of experience
as described above","['for', 'criminalist', 'i++', 'to', 'be', 'assigned', 'to', '-to', '-assigned', '-be', '-to', 'i--', '-criminalist', 'a', 'total', 'of', 'i++', 'four', 'years', 'of', 'experience', 'i++', 'as', 'described', 'above', 'i++']"
COMPUTER SYSTEMS MANAGER,"May be required
to develop and maintain
documentation","['may', 'be', 'required', 'i++', 'to', 'develop', 'and', 'maintain', 'i++', 'custom', '-custom', 'the', 'software', '-software', '-the', 'excellent', '-excellent', 'i--', '-maintain', 'support', 'i++', 'to', 'qa', '-qa', '-to', 'i--', '-support', 'lead', 'high', 'i++', 'priority', '-priority', 'i--', '-high', '-lead', 'maintain', 'i++', 'documentation', 'i++']"
COMPUTER SYSTEMS MANAGER,"Document and track
all defects and verify
fixes in the field","['document', 'and', 'track', 'i++', 'project', 'status', 'risk', 'and', 'long', 'i++', 'term', 'enhanced', '-enhanced', 'working', '-working', '-term', 'i--', '-long', '-and', '-risk', '-status', '-project', 'all', 'application', 'support', 'i++', 'team', 'members', 'and', '-and', '-members', '-team', 'manager', 'will', '-will', '-manager', 'i--', '-support', '-application', 'defects', 'and', 'work', 'in', 'a', 'i++', 'matrix', '-matrix', 'i--', '-a', '-in', '-work', 'verify', 'i++', 'fixes', 'in', 'the', 'field', 'i++']"
STAFF ANALYST,"Develop work plans
and project management skills
are necessary","['develop', 'such', '-such', 'work', 'plans', 'i++', 'and', 'conceptual', 'plans', 'and', 'i++', 'conceptual', '-conceptual', 'i--', '-and', '-plans', '-conceptual', 'timelines', 'for', 'projects', '-projects', '-for', '-timelines', 'project', 'tracking', 'throughout', 'i++', 'capital', '-capital', 'i--', '-throughout', '-tracking', 'management', 'and', 'i++', 'or', 'citi', 'bike', '-bike', '-citi', '-or', 'i--', '-and', 'skills', 'i++', 'are', 'necessary', 'i++']"
STAFF ANALYST,"This will be given
to candidates who possess
knowledge of new needs","['this', 'will', 'be', 'given', 'i++', 'to', 'candidates', 'who', 'possess', 'i++', 'knowledge', 'of', 'new', 'needs', 'i++']"
ADMINISTRATIVE PROCUREMENT ANA,"Prepare documents
for review and approval
of contract awards","['prepare', 'documents', 'i++', 'for', 'review', 'with', 'oversight', 'i++', 'agencies', 'and', '-and', 'to', '-to', '-agencies', 'i--', '-oversight', '-with', 'and', 'approval', 'i++', 'of', 'contract', 'awards', 'i++']"
ADMINISTRATIVE PROCUREMENT ANA,"Nys office
of the city charter the
rules of the office","['nys', 'office', 'i++', 'of', 'the', 'agency', 'chief', '-chief', 'contract', 'i++', 'office', 'and', '-and', '-office', 'i--', '-contract', '-agency', 'city', 'to', 'support', 'i++', 'procurement', '-procurement', 'i--', '-support', '-to', 'and', 'provide', 'i++', 'suggested', '-suggested', 'i--', '-provide', '-and', 'charter', 'the', 'i++', 'rules', 'of', 'the', 'office', 'i++']"
SECRETARY,"Strategic thinker
with the ability to
take initiative","['strategic', 'thinker', 'i++', 'with', 'the', 'ability', 'to', 'i++', 'work', '-work', 'take', 'initiative', 'i++']"
BUSINESS PROMOTION COORDINATOR,"The ability
to thrive in a timely and
effective manner","['the', 'first', '-first', 'ability', 'i++', 'to', 'balance', 'competing', '-competing', '-balance', 'thrive', 'in', 'a', 'fast-paced', 'work', 'i++', 'environment', '-environment', 'i--', '-work', '-fast-paced', '-a', '-in', 'and', 'grow', 'and', 'advance', 'i++', 'data', '-data', 'i--', '-advance', '-and', 'the', 'impact', 'i++', 'on', 'daily', 'life', '-life', '-daily', '-on', 'i--', '-impact', 'number', 'i++', 'of', 'outcomes', '-outcomes', '-of', 'i--', '-number', '-the', 'and', 'new', '-new', '-and', '-grow', '-and', 'in', 'a', 'timely', 'and', 'i++', 'effective', 'manner', 'i++']"
BUSINESS PROMOTION COORDINATOR,"Proven track record
of delivering results
in a fast-paced work","['proven', 'track', 'record', 'i++', 'of', 'delivering', 'results', 'i++', 'in', 'a', 'timely', '-timely', 'fast-paced', 'work', 'i++']"
ASSOCIATE URBAN DESIGNER,"Coordinate with
the office of management
and other projects","['coordinate', 'with', 'i++', 'the', 'office', 'of', 'management', 'i++', 'and', 'budget', '-budget', 'other', 'projects', 'i++']"
COMMUNITY SERVICE AIDE,"The new york city
department of probation
clients and members","['the', 'new', 'york', 'city', 'i++', 'department', 'of', 'probation', 'i++', 'clients', 'and', 'members', 'i++']"
COMMUNITY SERVICE AIDE,"Other key staff and
leaders of the credible
messenger mentors","['other', 'key', 'staff', 'and', 'i++', 'leadership', '-leadership', 'leaders', 'of', 'the', 'credible', 'i++', 'messenger', 'mentors', 'i++']"
DIRECTOR OF NEIGHBORHOOD CONSE,"Experience with
community-based planning
and neighborhood groups","['experience', 'with', 'i++', 'community-based', 'planning', 'i++', 'and', 'neighborhood', 'groups', 'i++']"
DIRECTOR OF NEIGHBORHOOD CONSE,"Thorough knowledge of
new york city government
and housing issues","['thorough', 'knowledge', 'of', 'i++', 'new', 'york', 'city', 'government', 'i++', 'and', 'housing', 'issues', 'i++']"
COMMUNITY ASSOCIATE,"The city of new
yorkers at the direction
of the following","['the', 'monthly', '-monthly', 'city', 'of', 'new', 'i++', 'york', 'and', 'we', 'collect', 'and', 'treat', 'i++', 'an', 'average', '-average', '-an', 'i--', '-treat', '-and', '-collect', '-we', '-and', 'city', 'including', '-including', '-city', '-york', 'yorkers', 'at', 'the', 'direction', 'i++', 'of', 'the', 'following', 'i++']"
COMMUNITY ASSOCIATE,"Familiarity
with microsoft word excel
power point outlook","['familiarity', 'i++', 'with', 'microsoft', 'word', 'excel', 'i++', 'power', 'point', 'outlook', 'i++']"
CERTIFIED IT ADMINISTRATOR (LA,"The director of
network services unit
in the following","['the', 'director', 'of', 'i++', 'information', '-information', 'network', 'management', 'systems', 'i++', 'including', '-including', 'i--', '-systems', 'software', 'i++', 'i--', '-software', '-management', 'services', 'is', 'a', 'i++', 'plus', '-plus', 'i--', '-a', '-is', 'unit', 'i++', 'in', 'the', 'following', 'i++']"
CERTIFIED IT ADMINISTRATOR (LA,"The build out of the
complex and diverse networks
and applications","['the', 'build', 'out', 'of', 'the', 'i++', 'following', 'professional', 'i++', 'vendor', '-vendor', 'i--', '-professional', '-following', 'complex', 'and', 'diverse', 'networks', 'i++', 'and', 'applications', 'i++']"
CLERICAL AIDE,"Respond to public
inquiries and requests
via telephone","['respond', 'to', 'public', 'i++', 'inquiries', 'and', 'requests', 'i++', 'via', 'telephone', 'i++']"
ACCOUNTANT,"Fiscal section 8
unit is under the terms
of the finance team","['fiscal', 'section', '8', 'i++', 'unit', 'is', 'under', 'the', 'terms', 'i++', 'of', 'the', 'accounts', '-accounts', 'finance', 'team', 'i++']"
ACCOUNTANT,"Fiscal review and
processing of payments and
reporting unit","['fiscal', 'review', 'and', 'i++', 'processing', 'of', 'payments', 'and', 'i++', 'reporting', 'unit', 'i++']"
CONFIDENTIAL STRATEGY PLANNER,"Effective matrix
management team building and
influencing skills","['effective', 'matrix', 'i++', 'management', 'team', 'building', 'and', 'i++', 'influencing', 'skills', 'i++']"
CITY MEDICAL SPECIALIST (PART-,"Participate in
school health osh attend to the
school community","['participate', 'in', 'i++', 'school', 'health', 'osh', 'is', 'a', 'joint', '-joint', '-a', '-is', 'attend', 'to', 'the', 'i++', 'school', 'community', 'i++']"
CITY MEDICAL SPECIALIST (PART-,"He office of school
health physicians nurses school
staff community","['he', 'office', 'of', 'school', 'i++', 'health', 'physicians', 'nurses', 'school', 'i++', 'staff', 'community', 'i++']"
ADMINISTRATIVE  PROGRAM OFFICE,"Ensure data is
accurate neat timely and
ready for audit","['ensure', 'the', '-the', 'data', 'is', 'i++', 'accurate', 'neat', 'timely', 'and', 'i++', 'ready', 'for', 'audit', 'i++']"
ADMINISTRATIVE  PROGRAM OFFICE,"Support five unit
directors in the bureau
of active aging","['support', 'the', '-the', 'five', 'unit', 'i++', 'directors', 'in', 'the', 'bureau', 'i++', 'of', 'active', 'aging', 'i++']"
ADM ENGINEER (NON MGRL),"The engineering
functions or activities
of the city streets","['the', 'engineering', 'i++', 'functions', 'or', 'activities', 'i++', 'of', 'the', 'chief', 'of', '-of', 'is', '-is', '-chief', 'city', 'streets', 'i++']"
SPECIAL EXAMINER (DCAS),"The civil service
lists and issuing appeal
determinations","['the', 'civil', 'service', 'i++', 'process', 'to', 'better', 'inform', 'i++', 'their', 'career', '-career', '-their', 'i--', '-inform', '-better', '-to', 'through', 'extensive', '-extensive', '-through', '-process', 'lists', 'and', 'issuing', 'appeal', 'i++', 'determinations', 'i++']"
SPECIAL EXAMINER (DCAS),"The civil service
examinations within
city government","['the', 'civil', 'service', 'i++', 'examinations', 'for', 'which', 'i++', 'dcas', 'is', '-is', '-dcas', 'i--', '-which', '-for', '-examinations', 'process', 'to', 'better', 'inform', 'i++', 'their', 'career', '-career', '-their', 'i--', '-inform', '-better', '-to', '-process', 'law', 'and', 'classification', 'i++', 'and', '-and', 'i--', '-classification', '-and', '-law', 'examinations', 'for', 'which', 'i++', 'dcas', 'is', '-is', '-dcas', 'i--', '-which', '-for', 'within', 'i++', 'city', 'government', 'i++']"
ADMINISTRATIVE QUALITY ASSURAN,"Identify trends
project consequences and
plan accordingly","['identify', 'trends', 'i++', 'project', 'consequences', 'and', 'i++', 'plan', 'accordingly', 'i++']"
CORRECTIONAL STANDARDS REVIEW,"Experience with
issues of access to health
and mental health care","['experience', 'with', 'i++', 'issues', 'of', 'access', 'to', 'health', 'i++', 'and', 'mental', 'health', 'care', 'i++']"
CORRECTIONAL STANDARDS REVIEW,"Because all appeals
to the mission of the board
and of the appeal","['because', 'all', 'appeals', 'i++', 'to', 'the', 'restriction', '-restriction', 'board', 'has', 'a', 'short', '-short', '-a', '-has', '-board', 'mission', 'of', 'the', 'board', 'i++', 'and', 'of', 'the', 'appeal', 'i++']"
CERTIFIED IT ADMINISTRATOR LAN,"Escalate major
hardware software problems to
senior i-t staff","['escalate', 'major', 'i++', 'hardware', 'software', 'problems', 'to', 'i++', 'senior', 'i-t', 'staff', 'i++']"
CERTIFIED IT ADMINISTRATOR LAN,"Ability to
multitask and perform in
a timely manner","['ability', 'to', 'i++', 'multitask', 'and', 'perform', 'in', 'i++', 'a', 'timely', 'manner', 'i++']"
EXTERMINATOR,"Candidate should be
highly organized with the
ability to","['candidate', 'should', 'be', 'i++', 'highly', 'organized', 'with', 'the', 'i++', 'ability', 'to', 'i++']"
PROJECT MANAGER INTERN#,"This position as
you will not be considered
for an interview","['this', 'position', 'as', 'i++', 'you', 'will', 'not', 'be', 'considered', 'i++', 'for', 'an', 'interview', 'i++']"
COMPUTER SPECIALIST (SOFTWARE),"Net vb c#
and microsoft sql
server reporting","['net', 'technologies', 'i++', 'i--', '-technologies', 'java', 'and', '-and', '-java', 'vb', 'c#', 'i++', 'and', 'microsoft', 'sql', 'i++', 'standard', 'query', '-query', '-standard', 'server', 'reporting', 'i++']"
COMPUTER SPECIALIST (SOFTWARE),"The supervisor
of applications with broad
scope of new projects","['the', 'promotional', 'i++', 'computer', 'specialist', '-specialist', '-computer', 'i--', '-promotional', 'supervisor', 'i++', 'of', 'applications', 'with', 'broad', 'i++', 'scope', 'of', 'new', 'projects', 'i++']"
HIGH PRESSURE PLANT TENDER,"May dismantle and
or tend to and operate
heating equipment","['may', 'be', 'assigned', 'to', 'i++', 'inspect', 'maintain', 'and', 'repair', 'i++', 'of', 'hot', 'water', '-water', '-hot', '-of', 'heating', '-heating', 'i--', '-repair', '-and', '-maintain', '-inspect', 'i--', '-to', '-assigned', '-be', 'dismantle', 'and', 'i++', 'or', 'tend', 'to', 'and', 'operate', 'i++', 'heating', 'equipment', 'i++']"
HIGH PRESSURE PLANT TENDER,"Maintain clean repair
and or tend to and assist
in field inspections","['maintain', 'clean', 'repair', 'i++', 'and', 'or', 'tend', 'to', 'and', 'assist', 'i++', 'in', 'the', 'boiler', '-boiler', 'review', '-review', '-the', 'field', 'inspections', 'i++']"
PUBLIC HEALTH ADVISER (SCHOOL,"The department of
health and vendors to ensure
all community","['the', 'department', 'of', 'i++', 'education', 'and', 'the', '-the', '-and', '-education', 'health', 'and', 'mental', 'hygiene', 'which', 'i++', 'is', '-is', 'i--', '-which', '-hygiene', '-mental', '-and', '-health', 'i--', '-of', '-department', 'supervision', 'i++', 'of', 'the', '1', '-1', '-the', '-of', 'i--', '-supervision', 'department', 'of', 'i++', 'health', 'and', 'mental', 'hygiene', 'which', 'i++', 'is', '-is', 'i--', '-which', '-hygiene', '-mental', 'vendors', 'to', 'ensure', 'i++', 'all', 'community', 'i++']"
PUBLIC HEALTH ADVISER (SCHOOL,"The provider of
public health advisor i
will be provided","['the', 'provider', 'of', 'i++', 'public', 'health', 'advisers', '-advisers', 'adviser', 'will', 'i++', 'be', 'provided', '-provided', '-be', 'i--', '-will', '-adviser', 'advisor', 'i', 'i++', 'will', 'be', 'provided', 'i++']"
ADMINISTRATIVE DIRECTOR OF SOC,"Some of the new york
city family justice
center in the bronx","['some', 'of', 'the', 'street', '-street', 'new', 'york', 'i++', 'city', 'family', 'justice', 'i++', 'center', 'in', 'the', 'bronx', 'i++']"
ADMINISTRATIVE DIRECTOR OF SOC,"The agency at
routine external meetings
or conferences","['the', 'department', 'of', 'i++', 'homeless', 'services', 'street', '-street', '-services', '-homeless', 'i--', '-of', '-department', 'agency', 'at', 'i++', 'routine', 'external', 'meetings', 'i++', 'or', 'conferences', 'i++']"
DEPUTY ASSISTANT DIRECTOR (CIV,"The ability
to use computer software
and applications","['the', 'ability', 'i++', 'to', 'use', 'computer', 'software', 'i++', 'and', 'applications', 'i++']"
